number,scenario,pair,condition,scenario_passed,usable,deployment_verdict,error,campaign_error,candidate_decision_seconds,activation_seconds,configuration_recovery_seconds,functional_recovery_seconds,policy_total_seconds,restore_intents,cleanup_passed
1,healthy,1,explicit,True,True,approved,,,21.75,,,,21.75,0,True
2,healthy,1,auto,True,True,approved,,,21.687000000005355,,,,21.687000000005355,0,True
3,healthy,2,auto,True,True,approved,,,21.546999999991385,,,,21.546999999991385,0,True
4,healthy,2,explicit,True,True,approved,,,22.702999999994063,,,,22.702999999994063,0,True
5,healthy,3,explicit,True,True,approved,,,20.390999999988708,,,,20.390999999988708,0,True
6,healthy,3,auto,True,True,approved,,,20.578000000008615,,,,20.578000000008615,0,True
7,healthy,4,auto,True,True,approved,,,20.625,,,,20.625,0,True
8,healthy,4,explicit,True,True,approved,,,21.735000000000582,,,,21.735000000000582,0,True
9,healthy,5,explicit,True,True,approved,,,20.547000000005937,,,,20.547000000005937,0,True
10,healthy,5,auto,True,True,approved,,,21.671999999991385,,,,21.686999999990803,0,True
11,invalid-pool,1,auto,True,True,rejected,,,6.25,0.030999999988125637,18.797000000005937,21.938000000009197,28.218999999997322,1,
12,invalid-pool,1,explicit,True,True,rejected,,,6.25,1.0780000000086147,18.764999999999418,21.906000000002678,29.234000000011292,1,
13,invalid-pool,2,explicit,True,True,rejected,,,6.203000000008615,1.0619999999908032,17.65700000000652,20.76600000000326,28.047000000005937,1,
14,invalid-pool,2,auto,True,True,rejected,,,3.5160000000032596,0.062000000005355105,18.843999999997322,21.98399999999674,25.578000000008615,1,
15,invalid-pool,3,auto,True,True,rejected,,,6.203000000008615,0.0629999999946449,18.843999999997322,21.937000000005355,28.203000000008615,1,
16,invalid-pool,3,explicit,True,True,rejected,,,6.5,1.0780000000086147,18.843999999997322,21.952999999994063,29.547000000005937,1,
17,invalid-pool,4,explicit,True,True,rejected,,,6.125,1.062999999994645,18.827999999994063,21.906000000002678,29.093999999997322,1,
18,invalid-pool,4,auto,True,True,rejected,,,6.187999999994645,0.09399999999732245,17.562000000005355,20.734000000011292,27.01600000000326,1,
19,invalid-pool,5,auto,True,True,rejected,,,3.485000000000582,0.062000000005355105,17.64100000000326,20.76600000000326,24.313000000009197,1,
20,invalid-pool,5,explicit,True,True,rejected,,,3.5319999999919673,1.0780000000086147,18.75,21.85899999999674,26.468999999997322,1,
