attempt,condition,block,position,session,planned,accepted,confirmed_in_time,confirmed_late,confirmed_in_time_percent,p95_observed_seconds,existing_pod_seconds,peak_eligible,peak_age_seconds,observed_drain_seconds,http_non_200,min_host_available_gib
b1-p1-adaptive,adaptive,1,1,original-interrupted,1020,1020,666,354,65.29411764705883,70.65600000000018,750.047,150,9.28242,60.46799999999985,0,2.995361328125
b1-p2-fixed-2,fixed-2,1,2,2026-09-27T03-31-39.118571+00-00,1020,1020,1020,0,100.0,54.014999999999986,899.9999999999999,13,0.60577,42.54699999999997,2,3.0876693725585938
b1-p3-fixed-1,fixed-1,1,3,2026-09-27T03-31-39.118571+00-00,1020,1020,1020,0,100.0,57.98400000000015,450.0,202,13.90858,46.48400000000015,0,4.341865539550781
b2-p1-fixed-1,fixed-1,2,1,2026-09-27T03-31-39.118571+00-00,1020,1020,1020,0,100.0,57.858999999999924,450.0,180,13.236506,46.672000000000025,0,4.234794616699219
b2-p2-adaptive,adaptive,2,2,2026-09-27T03-31-39.118571+00-00,1020,1020,1013,7,99.31372549019608,58.875,750.1089999999999,105,6.853024,47.8119999999999,0,4.101188659667969
b2-p3-fixed-2,fixed-2,2,3,2026-09-27T03-31-39.118571+00-00,1020,1020,1020,0,100.0,57.608999999999924,900.0,20,0.516943,46.358999999999924,2,4.0117950439453125
b3-p1-fixed-2,fixed-2,3,1,2026-09-27T03-31-39.118571+00-00,1020,1020,1020,0,100.0,57.0630000000001,900.0,15,0.421806,45.75,0,4.366924285888672
b3-p2-fixed-1,fixed-1,3,2,2026-09-27T03-31-39.118571+00-00,1020,1020,1020,0,100.0,57.0,450.0,191,13.318564,45.79699999999957,0,4.430633544921875
b3-p3-adaptive,adaptive,3,3,2026-09-27T03-31-39.118571+00-00,1020,1020,1020,0,100.0,57.79699999999957,749.9539999999997,123,6.950247,46.6880000000001,1,4.029582977294922
