attempt,condition,inbox_offset_seconds,eligible,oldest_eligible_seconds,inventory_offset_seconds,existing,ready,controller_offset_seconds,desired
b1-p1-adaptive,adaptive,-1.7039999999999509,0,0,-0.9690000000000509,1,1,-1.2819999999999254,1
b1-p1-adaptive,adaptive,3.311999999999898,0,0,4.0779999999999745,1,1,3.75,1
b1-p1-adaptive,adaptive,8.311999999999898,0,0,9.093000000000075,1,1,8.7650000000001,1
b1-p1-adaptive,adaptive,13.327999999999975,0,0,14.280999999999949,1,1,13.827999999999975,1
b1-p1-adaptive,adaptive,18.375,8,0.178591,19.375,1,1,18.92100000000005,1
b1-p1-adaptive,adaptive,23.375,11,0.831283,24.53099999999995,1,1,24.0,1
b1-p1-adaptive,adaptive,28.375,29,1.439792,29.483999999999924,1,1,28.983999999999924,1
b1-p1-adaptive,adaptive,33.375,65,3.632275,34.40599999999995,1,1,33.952999999999975,1
b1-p1-adaptive,adaptive,38.40599999999995,69,5.565253,39.5,1,1,39.0,1
b1-p1-adaptive,adaptive,43.3900000000001,100,5.81846,44.483999999999924,1,1,43.968000000000075,1
b1-p1-adaptive,adaptive,48.40599999999995,123,8.074593,49.5,1,1,48.983999999999924,1
b1-p1-adaptive,adaptive,53.42100000000005,150,9.28242,54.733999999999924,2,1,54.04600000000005,2
b1-p1-adaptive,adaptive,58.452999999999975,115,8.397624,59.75,2,1,59.077999999999975,2
b1-p1-adaptive,adaptive,63.452999999999975,76,4.496064,64.7650000000001,2,1,64.07799999999997,2
b1-p1-adaptive,adaptive,68.48399999999992,22,1.443342,69.85899999999992,2,2,69.09300000000007,2
b1-p1-adaptive,adaptive,73.46800000000007,0,0,74.85899999999992,2,2,74.09300000000007,2
b1-p1-adaptive,adaptive,78.45299999999997,10,0.370408,79.78099999999995,2,2,79.0619999999999,2
b1-p1-adaptive,adaptive,83.45299999999997,0,0,84.6400000000001,2,2,84.0,2
b1-p1-adaptive,adaptive,88.45299999999997,1,0.152268,89.6869999999999,2,2,89.0,2
b1-p1-adaptive,adaptive,93.48399999999992,0,0,94.70299999999997,2,2,94.0150000000001,2
b1-p1-adaptive,adaptive,98.46800000000007,0,0,99.70299999999997,2,2,99.0,2
b1-p1-adaptive,adaptive,103.5,0,0,104.73399999999992,2,2,104.03099999999995,2
b1-p1-adaptive,adaptive,108.5,0,0,109.73399999999992,2,2,109.0619999999999,2
b1-p1-adaptive,adaptive,113.5,0,0,114.71800000000007,2,2,114.03099999999995,2
b1-p1-adaptive,adaptive,118.5,0,0,119.75,2,2,119.04600000000005,2
b1-p1-adaptive,adaptive,123.5,0,0,124.75,2,2,124.04600000000005,2
b1-p1-adaptive,adaptive,128.5150000000001,0,0,129.73399999999992,2,2,129.0619999999999,2
b1-p1-adaptive,adaptive,133.53099999999995,0,0,134.7650000000001,2,2,134.0619999999999,2
b1-p1-adaptive,adaptive,138.54600000000005,0,0,139.78099999999995,2,2,139.07799999999997,2
b1-p1-adaptive,adaptive,143.5619999999999,0,0,144.78099999999995,2,2,144.09300000000007,2
b1-p1-adaptive,adaptive,148.57799999999997,0,0,149.79599999999982,2,2,149.125,2
b1-p1-adaptive,adaptive,153.54599999999982,0,0,154.57799999999997,2,2,154.0,2
b1-p1-adaptive,adaptive,158.5619999999999,0,0,159.59299999999985,2,2,159.0,2
b1-p1-adaptive,adaptive,163.5619999999999,0,0,164.59299999999985,2,2,164.01499999999987,2
b1-p1-adaptive,adaptive,168.57799999999997,0,0,169.59299999999985,2,2,169.01499999999987,2
b1-p1-adaptive,adaptive,173.59299999999985,0,0,174.625,2,2,174.03099999999995,2
b1-p1-adaptive,adaptive,178.60899999999992,0,0,179.625,2,2,179.04599999999982,2
b1-p1-adaptive,adaptive,183.625,0,0,184.60899999999992,2,2,184.04599999999982,2
b1-p1-adaptive,adaptive,188.63999999999987,0,0,189.65599999999995,2,2,189.0619999999999,2
b1-p1-adaptive,adaptive,193.67099999999982,0,0,194.67099999999982,2,2,194.09299999999985,2
b1-p1-adaptive,adaptive,198.67099999999982,0,0,199.6869999999999,2,2,199.10899999999992,2
b1-p1-adaptive,adaptive,203.6869999999999,0,0,204.70299999999997,2,2,204.10899999999992,2
b1-p1-adaptive,adaptive,208.65599999999995,0,0,209.63999999999987,2,2,209.07799999999997,2
b1-p1-adaptive,adaptive,213.67099999999982,0,0,214.6869999999999,2,2,214.09299999999985,2
b1-p1-adaptive,adaptive,218.67099999999982,0,0,219.67099999999982,2,2,219.10899999999992,2
b1-p1-adaptive,adaptive,223.70299999999997,0,0,224.70299999999997,2,2,224.10899999999992,2
b1-p1-adaptive,adaptive,228.70299999999997,0,0,229.70299999999997,2,2,229.125,2
b1-p1-adaptive,adaptive,233.70299999999997,0,0,234.71799999999985,2,2,234.125,2
b1-p1-adaptive,adaptive,238.71799999999985,0,0,239.71799999999985,2,2,239.13999999999987,2
b1-p1-adaptive,adaptive,243.71799999999985,0,0,244.71799999999985,2,2,244.13999999999987,2
b1-p1-adaptive,adaptive,248.71799999999985,0,0,249.71799999999985,2,2,249.13999999999987,2
b1-p1-adaptive,adaptive,253.79599999999982,0,0,254.85899999999992,2,2,254.26499999999987,2
b1-p1-adaptive,adaptive,258.75,0,0,259.75,2,2,259.1709999999998,2
b1-p1-adaptive,adaptive,263.7649999999999,0,0,264.7649999999999,2,2,264.1869999999999,2
b1-p1-adaptive,adaptive,268.7649999999999,0,0,269.7649999999999,2,2,269.1869999999999,2
b1-p1-adaptive,adaptive,273.78099999999995,0,0,274.7649999999999,2,2,274.203,2
b1-p1-adaptive,adaptive,278.7959999999998,0,0,279.7959999999998,2,2,279.2339999999999,2
b1-p1-adaptive,adaptive,283.8119999999999,0,0,284.828,2,2,284.25,2
b1-p1-adaptive,adaptive,288.8119999999999,0,0,289.78099999999995,2,2,289.2339999999999,2
b1-p1-adaptive,adaptive,293.828,0,0,294.875,2,2,294.2959999999998,2
b1-p1-adaptive,adaptive,298.828,0,0,299.828,2,2,299.2649999999999,2
b1-p1-adaptive,adaptive,303.84299999999985,0,0,304.8589999999999,2,2,304.2649999999999,2
b1-p1-adaptive,adaptive,308.828,0,0,309.84299999999985,2,2,309.2649999999999,2
b1-p1-adaptive,adaptive,313.8589999999999,0,0,314.8899999999999,2,2,314.28099999999995,2
b1-p1-adaptive,adaptive,318.8589999999999,0,0,319.84299999999985,2,2,319.28099999999995,2
b1-p1-adaptive,adaptive,323.8589999999999,0,0,324.8589999999999,2,2,324.2959999999998,2
b1-p1-adaptive,adaptive,328.875,0,0,329.84299999999985,2,2,329.28099999999995,2
b1-p1-adaptive,adaptive,333.90599999999995,0,0,334.8899999999999,2,2,334.3119999999999,2
b1-p1-adaptive,adaptive,338.8899999999999,0,0,339.875,2,2,339.3119999999999,2
b1-p1-adaptive,adaptive,343.9209999999998,0,0,344.9839999999999,2,2,344.3589999999999,2
b1-p1-adaptive,adaptive,348.90599999999995,0,0,349.8899999999999,2,2,349.3119999999999,2
b1-p1-adaptive,adaptive,353.9209999999998,0,0,354.78099999999995,1,1,354.34299999999985,1
b1-p1-adaptive,adaptive,358.9369999999999,0,0,359.8119999999999,1,1,359.3589999999999,1
b1-p1-adaptive,adaptive,363.9209999999998,0,0,364.7649999999999,1,1,364.34299999999985,1
b1-p1-adaptive,adaptive,368.953,0,0,369.7959999999998,1,1,369.375,1
b1-p1-adaptive,adaptive,373.953,0,0,374.7959999999998,1,1,374.3589999999999,1
b1-p1-adaptive,adaptive,378.953,0,0,379.7959999999998,1,1,379.3589999999999,1
b1-p1-adaptive,adaptive,383.96799999999985,0,0,384.828,1,1,384.375,1
b1-p1-adaptive,adaptive,388.96799999999985,0,0,389.8119999999999,1,1,389.3899999999999,1
b1-p1-adaptive,adaptive,393.96799999999985,0,0,394.8119999999999,1,1,394.3899999999999,1
b1-p1-adaptive,adaptive,398.9839999999999,0,0,399.828,1,1,399.3899999999999,1
b1-p1-adaptive,adaptive,403.9839999999999,0,0,404.8119999999999,1,1,404.3899999999999,1
b1-p1-adaptive,adaptive,409.0,0,0,409.828,1,1,409.40599999999995,1
b1-p1-adaptive,adaptive,414.0,0,0,414.84299999999985,1,1,414.4209999999998,1
b1-p1-adaptive,adaptive,419.0149999999999,0,0,419.8589999999999,1,1,419.4369999999999,1
b1-p1-adaptive,adaptive,424.0,0,0,424.84299999999985,1,1,424.4209999999998,1
b1-p1-adaptive,adaptive,429.0149999999999,0,0,429.8589999999999,1,1,429.4209999999998,1
b1-p1-adaptive,adaptive,434.0149999999999,0,0,434.8589999999999,1,1,434.4369999999999,1
b1-p1-adaptive,adaptive,439.0149999999999,0,0,439.8589999999999,1,1,439.4209999999998,1
b1-p1-adaptive,adaptive,444.0149999999999,0,0,444.8589999999999,1,1,444.4209999999998,1
b1-p1-adaptive,adaptive,449.03099999999995,0,0,449.96799999999985,1,1,449.53099999999995,1
b1-p1-adaptive,adaptive,453.5619999999999,0,0,454.3899999999999,1,1,453.953,1
b1-p2-fixed-2,fixed-2,-2.156000000000006,0,0,-1.406000000000006,2,2,-1.7660000000000196,2
b1-p2-fixed-2,fixed-2,2.843999999999994,1,0.145522,3.5779999999999745,2,2,3.218999999999994,2
b1-p2-fixed-2,fixed-2,7.843999999999994,0,0,8.60899999999998,2,2,8.23399999999998,2
b1-p2-fixed-2,fixed-2,12.85899999999998,1,0.300871,13.639999999999986,2,2,13.25,2
b1-p2-fixed-2,fixed-2,17.906000000000006,13,0.125386,18.92199999999997,2,2,18.42199999999997,2
b1-p2-fixed-2,fixed-2,22.92199999999997,11,0.12444,24.031000000000006,2,2,23.468999999999994,2
b1-p2-fixed-2,fixed-2,27.937000000000012,0,0,29.062000000000012,2,2,28.5,2
b1-p2-fixed-2,fixed-2,32.936999999999955,4,0.372317,34.07800000000003,2,2,33.48399999999998,2
b1-p2-fixed-2,fixed-2,37.98399999999998,5,0.218613,39.14000000000004,2,2,38.54699999999997,2
b1-p2-fixed-2,fixed-2,42.98399999999998,7,0.60577,44.10899999999998,2,2,43.531000000000006,2
b1-p2-fixed-2,fixed-2,47.99999999999994,1,0.048762,49.10899999999998,2,2,48.51500000000004,2
b1-p2-fixed-2,fixed-2,52.99999999999994,4,0.59997,54.14000000000004,2,2,53.51500000000004,2
b1-p2-fixed-2,fixed-2,58.031000000000006,7,0.277878,59.281000000000006,2,2,58.593999999999994,2
b1-p2-fixed-2,fixed-2,63.04699999999997,11,0.145437,64.281,2,2,63.593999999999994,2
b1-p2-fixed-2,fixed-2,68.01500000000004,11,0.390242,69.281,2,2,68.57800000000003,2
b1-p2-fixed-2,fixed-2,73.01500000000004,4,0.365369,74.281,2,2,73.54699999999997,2
b1-p2-fixed-2,fixed-2,77.99999999999994,1,0.355775,79.17199999999997,2,2,78.49999999999994,2
b1-p2-fixed-2,fixed-2,82.99999999999994,1,0.089381,84.094,2,2,83.49999999999994,2
b1-p2-fixed-2,fixed-2,88.01500000000004,0,0,89.156,2,2,88.49999999999994,2
b1-p2-fixed-2,fixed-2,92.99999999999994,0,0,94.10899999999998,2,2,93.48399999999998,2
b1-p2-fixed-2,fixed-2,98.01500000000004,0,0,99.12499999999994,2,2,98.49999999999994,2
b1-p2-fixed-2,fixed-2,103.01500000000004,0,0,104.14000000000004,2,2,103.48399999999998,2
b1-p2-fixed-2,fixed-2,108.04699999999997,0,0,109.156,2,2,108.531,2
b1-p2-fixed-2,fixed-2,113.06199999999995,0,0,114.18699999999995,2,2,113.54699999999997,2
b1-p2-fixed-2,fixed-2,118.07800000000003,0,0,119.17199999999997,2,2,118.56199999999995,2
b1-p2-fixed-2,fixed-2,123.07800000000003,0,0,124.18699999999995,2,2,123.56199999999995,2
b1-p2-fixed-2,fixed-2,128.094,0,0,129.18699999999995,2,2,128.56199999999995,2
b1-p2-fixed-2,fixed-2,133.06199999999995,0,0,133.99999999999994,2,2,133.469,2
b1-p2-fixed-2,fixed-2,138.07800000000003,0,0,138.99999999999994,2,2,138.469,2
b1-p2-fixed-2,fixed-2,143.094,0,0,144.04699999999997,2,2,143.48399999999998,2
b1-p2-fixed-2,fixed-2,148.10899999999998,0,0,149.04699999999997,2,2,148.49999999999994,2
b1-p2-fixed-2,fixed-2,153.10899999999998,0,0,154.04699999999997,2,2,153.49999999999994,2
b1-p2-fixed-2,fixed-2,158.156,0,0,159.26500000000004,2,2,158.60899999999998,2
b1-p2-fixed-2,fixed-2,163.156,0,0,164.06199999999995,2,2,163.531,2
b1-p2-fixed-2,fixed-2,168.18699999999995,0,0,169.10899999999998,2,2,168.57800000000003,2
b1-p2-fixed-2,fixed-2,173.156,0,0,174.07800000000003,2,2,173.54699999999997,2
b1-p2-fixed-2,fixed-2,178.17199999999997,0,0,179.094,2,2,178.56199999999995,2
b1-p2-fixed-2,fixed-2,183.18699999999995,0,0,184.094,2,2,183.57800000000003,2
b1-p2-fixed-2,fixed-2,188.18699999999995,0,0,189.094,2,2,188.57800000000003,2
b1-p2-fixed-2,fixed-2,193.18699999999995,0,0,194.10899999999998,2,2,193.57800000000003,2
b1-p2-fixed-2,fixed-2,198.18699999999995,0,0,199.094,2,2,198.56199999999995,2
b1-p2-fixed-2,fixed-2,203.20300000000003,0,0,204.10899999999998,2,2,203.57800000000003,2
b1-p2-fixed-2,fixed-2,208.219,0,0,209.12499999999994,2,2,208.594,2
b1-p2-fixed-2,fixed-2,213.23399999999998,0,0,214.14000000000004,2,2,213.60899999999998,2
b1-p2-fixed-2,fixed-2,218.23399999999998,0,0,219.14000000000004,2,2,218.62499999999994,2
b1-p2-fixed-2,fixed-2,223.23399999999998,0,0,224.14000000000004,2,2,223.62499999999994,2
b1-p2-fixed-2,fixed-2,228.26500000000004,0,0,229.17199999999997,2,2,228.656,2
b1-p2-fixed-2,fixed-2,233.26500000000004,0,0,234.17199999999997,2,2,233.64000000000004,2
b1-p2-fixed-2,fixed-2,238.26500000000004,0,0,239.156,2,2,238.64000000000004,2
b1-p2-fixed-2,fixed-2,243.26500000000004,0,0,244.156,2,2,243.64000000000004,2
b1-p2-fixed-2,fixed-2,248.281,0,0,249.17199999999997,2,2,248.656,2
b1-p2-fixed-2,fixed-2,253.281,0,0,254.18699999999995,2,2,253.67199999999997,2
b1-p2-fixed-2,fixed-2,258.281,0,0,259.20300000000003,2,2,258.656,2
b1-p2-fixed-2,fixed-2,263.281,0,0,264.156,2,2,263.656,2
b1-p2-fixed-2,fixed-2,268.29699999999997,0,0,269.20300000000003,2,2,268.67199999999997,2
b1-p2-fixed-2,fixed-2,273.29699999999997,0,0,274.219,2,2,273.656,2
b1-p2-fixed-2,fixed-2,278.281,0,0,279.18699999999995,2,2,278.656,2
b1-p2-fixed-2,fixed-2,283.29699999999997,0,0,284.219,2,2,283.67199999999997,2
b1-p2-fixed-2,fixed-2,288.29699999999997,0,0,289.18699999999995,2,2,288.67199999999997,2
b1-p2-fixed-2,fixed-2,293.31199999999995,0,0,294.219,2,2,293.68699999999995,2
b1-p2-fixed-2,fixed-2,298.31199999999995,0,0,299.219,2,2,298.68699999999995,2
b1-p2-fixed-2,fixed-2,303.29699999999997,0,0,304.18699999999995,2,2,303.67199999999997,2
b1-p2-fixed-2,fixed-2,308.31199999999995,0,0,309.219,2,2,308.68699999999995,2
b1-p2-fixed-2,fixed-2,313.32800000000003,0,0,314.219,2,2,313.719,2
b1-p2-fixed-2,fixed-2,318.359,0,0,319.281,2,2,318.734,2
b1-p2-fixed-2,fixed-2,323.359,0,0,324.26500000000004,2,2,323.734,2
b1-p2-fixed-2,fixed-2,328.359,0,0,329.26500000000004,2,2,328.74999999999994,2
b1-p2-fixed-2,fixed-2,333.37499999999994,0,0,334.281,2,2,333.74999999999994,2
b1-p2-fixed-2,fixed-2,338.37499999999994,0,0,339.26500000000004,2,2,338.734,2
b1-p2-fixed-2,fixed-2,343.37499999999994,0,0,344.26500000000004,2,2,343.74999999999994,2
b1-p2-fixed-2,fixed-2,348.39000000000004,0,0,349.281,2,2,348.76500000000004,2
b1-p2-fixed-2,fixed-2,353.42199999999997,0,0,354.29699999999997,2,2,353.781,2
b1-p2-fixed-2,fixed-2,358.43699999999995,0,0,359.344,2,2,358.81199999999995,2
b1-p2-fixed-2,fixed-2,363.43699999999995,0,0,364.32800000000003,2,2,363.79699999999997,2
b1-p2-fixed-2,fixed-2,368.43699999999995,0,0,369.32800000000003,2,2,368.79699999999997,2
b1-p2-fixed-2,fixed-2,373.42199999999997,0,0,374.32800000000003,2,2,373.79699999999997,2
b1-p2-fixed-2,fixed-2,378.43699999999995,0,0,379.39000000000004,2,2,378.81199999999995,2
b1-p2-fixed-2,fixed-2,383.43699999999995,0,0,384.344,2,2,383.81199999999995,2
b1-p2-fixed-2,fixed-2,388.43699999999995,0,0,389.344,2,2,388.81199999999995,2
b1-p2-fixed-2,fixed-2,393.45300000000003,0,0,394.359,2,2,393.82800000000003,2
b1-p2-fixed-2,fixed-2,398.484,0,0,399.39000000000004,2,2,398.859,2
b1-p2-fixed-2,fixed-2,403.484,0,0,404.37499999999994,2,2,403.859,2
b1-p2-fixed-2,fixed-2,408.484,0,0,409.39000000000004,2,2,408.859,2
b1-p2-fixed-2,fixed-2,413.51500000000004,0,0,414.42199999999997,2,2,413.89000000000004,2
b1-p2-fixed-2,fixed-2,418.531,0,0,419.43699999999995,2,2,418.906,2
b1-p2-fixed-2,fixed-2,423.54699999999997,0,0,424.45300000000003,2,2,423.92199999999997,2
b1-p2-fixed-2,fixed-2,428.56199999999995,0,0,429.43699999999995,2,2,428.92199999999997,2
b1-p2-fixed-2,fixed-2,433.56199999999995,0,0,434.45300000000003,2,2,433.92199999999997,2
b1-p2-fixed-2,fixed-2,438.57800000000003,0,0,439.49999999999994,2,2,438.95300000000003,2
b1-p2-fixed-2,fixed-2,443.609,0,0,444.76500000000004,2,2,444.14000000000004,2
b1-p2-fixed-2,fixed-2,448.594,0,0,449.531,2,2,448.969,2
b1-p2-fixed-2,fixed-2,452.99999999999994,0,0,453.984,2,2,453.43699999999995,2
b1-p3-fixed-1,fixed-1,-1.4839999999999236,0,0,-0.7339999999999236,1,1,-1.046999999999798,1
b1-p3-fixed-1,fixed-1,3.563000000000102,0,0,4.266000000000076,1,1,3.969000000000051,1
b1-p3-fixed-1,fixed-1,8.578000000000202,1,0.05558,9.297000000000025,1,1,8.969000000000051,1
b1-p3-fixed-1,fixed-1,13.578000000000202,0,0,14.266000000000076,1,1,13.969000000000051,1
b1-p3-fixed-1,fixed-1,18.641000000000076,5,0.224901,19.563000000000102,1,1,19.141000000000076,1
b1-p3-fixed-1,fixed-1,23.672000000000025,16,0.969155,24.71900000000005,1,1,24.25,1
b1-p3-fixed-1,fixed-1,28.688000000000102,34,2.467344,29.703000000000202,1,1,29.25,1
b1-p3-fixed-1,fixed-1,33.766000000000076,59,3.104243,34.84400000000005,1,1,34.35900000000015,1
b1-p3-fixed-1,fixed-1,38.672000000000025,76,4.477685,39.7030000000002,1,1,39.23400000000015,1
b1-p3-fixed-1,fixed-1,43.6880000000001,93,5.767054,44.73400000000015,1,1,44.25,1
b1-p3-fixed-1,fixed-1,48.6880000000001,104,6.183018,49.75,1,1,49.266000000000076,1
b1-p3-fixed-1,fixed-1,53.6880000000001,126,7.687321,54.75,1,1,54.21900000000005,1
b1-p3-fixed-1,fixed-1,58.6880000000001,139,8.347482,59.75,1,1,59.25,1
b1-p3-fixed-1,fixed-1,63.71900000000005,158,9.776786,64.92200000000003,1,1,64.3130000000001,1
b1-p3-fixed-1,fixed-1,68.7030000000002,178,11.182755,69.85900000000015,1,1,69.3130000000001,1
b1-p3-fixed-1,fixed-1,73.71900000000005,202,12.469175,74.79700000000003,1,1,74.26600000000008,1
b1-p3-fixed-1,fixed-1,78.6880000000001,174,13.090883,79.76600000000008,1,1,79.26600000000008,1
b1-p3-fixed-1,fixed-1,83.7030000000002,114,13.40345,84.8280000000002,1,1,84.26600000000008,1
b1-p3-fixed-1,fixed-1,88.75,51,13.90858,89.79700000000003,1,1,89.28100000000018,1
b1-p3-fixed-1,fixed-1,93.73400000000015,0,0,94.73400000000015,1,1,94.21900000000005,1
b1-p3-fixed-1,fixed-1,98.76600000000008,0,0,99.8280000000002,1,1,99.25,1
b1-p3-fixed-1,fixed-1,103.76600000000008,0,0,104.75,1,1,104.23400000000015,1
b1-p3-fixed-1,fixed-1,108.76600000000008,0,0,109.8280000000002,1,1,109.25,1
b1-p3-fixed-1,fixed-1,113.78100000000018,0,0,114.75,1,1,114.25,1
b1-p3-fixed-1,fixed-1,118.8130000000001,0,0,119.84400000000005,1,1,119.29700000000003,1
b1-p3-fixed-1,fixed-1,123.8280000000002,0,0,124.84400000000005,1,1,124.3280000000002,1
b1-p3-fixed-1,fixed-1,128.85900000000015,0,0,129.89100000000008,1,1,129.34400000000005,1
b1-p3-fixed-1,fixed-1,133.85900000000015,0,0,134.875,1,1,134.34400000000005,1
b1-p3-fixed-1,fixed-1,138.8280000000002,0,0,139.6880000000001,1,1,139.25,1
b1-p3-fixed-1,fixed-1,143.8280000000002,0,0,144.67200000000003,1,1,144.23400000000015,1
b1-p3-fixed-1,fixed-1,148.85900000000015,0,0,149.71900000000005,1,1,149.26600000000008,1
b1-p3-fixed-1,fixed-1,153.85900000000015,0,0,154.7030000000002,1,1,154.25,1
b1-p3-fixed-1,fixed-1,158.90600000000018,0,0,159.76600000000008,1,1,159.3130000000001,1
b1-p3-fixed-1,fixed-1,163.90600000000018,0,0,164.75,1,1,164.29700000000003,1
b1-p3-fixed-1,fixed-1,168.9380000000001,0,0,169.79700000000003,1,1,169.34400000000005,1
b1-p3-fixed-1,fixed-1,173.92200000000003,0,0,174.75,1,1,174.3130000000001,1
b1-p3-fixed-1,fixed-1,178.9530000000002,0,0,179.79700000000003,1,1,179.34400000000005,1
b1-p3-fixed-1,fixed-1,183.9530000000002,0,0,184.78100000000018,1,1,184.3280000000002,1
b1-p3-fixed-1,fixed-1,188.9530000000002,0,0,189.8130000000001,1,1,189.35900000000015,1
b1-p3-fixed-1,fixed-1,193.96900000000005,0,0,194.78100000000018,1,1,194.34400000000005,1
b1-p3-fixed-1,fixed-1,199.0,0,0,199.8280000000002,1,1,199.39100000000008,1
b1-p3-fixed-1,fixed-1,204.0,0,0,204.8130000000001,1,1,204.35900000000015,1
b1-p3-fixed-1,fixed-1,209.0,0,0,209.8280000000002,1,1,209.39100000000008,1
b1-p3-fixed-1,fixed-1,214.0,0,0,214.8130000000001,1,1,214.375,1
b1-p3-fixed-1,fixed-1,219.01600000000008,0,0,219.84400000000005,1,1,219.39100000000008,1
b1-p3-fixed-1,fixed-1,224.01600000000008,0,0,224.8280000000002,1,1,224.375,1
b1-p3-fixed-1,fixed-1,229.03100000000018,0,0,229.85900000000015,1,1,229.42200000000003,1
b1-p3-fixed-1,fixed-1,234.01600000000008,0,0,234.8280000000002,1,1,234.39100000000008,1
b1-p3-fixed-1,fixed-1,239.03100000000018,0,0,239.85900000000015,1,1,239.42200000000003,1
b1-p3-fixed-1,fixed-1,244.04700000000003,0,0,244.85900000000015,1,1,244.42200000000003,1
b1-p3-fixed-1,fixed-1,249.04700000000003,0,0,249.875,1,1,249.4380000000001,1
b1-p3-fixed-1,fixed-1,254.04700000000003,0,0,254.84400000000005,1,1,254.40600000000018,1
b1-p3-fixed-1,fixed-1,259.0630000000001,0,0,259.875,1,1,259.4530000000002,1
b1-p3-fixed-1,fixed-1,264.0630000000001,0,0,264.875,1,1,264.4380000000001,1
b1-p3-fixed-1,fixed-1,269.0780000000002,0,0,269.8910000000001,1,1,269.4530000000002,1
b1-p3-fixed-1,fixed-1,274.0780000000002,0,0,274.8910000000001,1,1,274.4380000000001,1
b1-p3-fixed-1,fixed-1,279.0780000000002,0,0,279.8910000000001,1,1,279.4530000000002,1
b1-p3-fixed-1,fixed-1,284.0780000000002,0,0,284.875,1,1,284.4530000000002,1
b1-p3-fixed-1,fixed-1,289.09400000000005,0,0,289.8910000000001,1,1,289.46900000000005,1
b1-p3-fixed-1,fixed-1,294.09400000000005,0,0,294.9060000000002,1,1,294.46900000000005,1
b1-p3-fixed-1,fixed-1,299.125,0,0,299.9380000000001,1,1,299.5,1
b1-p3-fixed-1,fixed-1,304.10900000000015,0,0,304.922,1,1,304.48400000000015,1
b1-p3-fixed-1,fixed-1,309.10900000000015,0,0,309.9060000000002,1,1,309.48400000000015,1
b1-p3-fixed-1,fixed-1,314.10900000000015,0,0,314.922,1,1,314.48400000000015,1
b1-p3-fixed-1,fixed-1,319.1410000000001,0,0,319.9530000000002,1,1,319.5310000000002,1
b1-p3-fixed-1,fixed-1,324.125,0,0,324.922,1,1,324.5,1
b1-p3-fixed-1,fixed-1,329.1410000000001,0,0,329.9380000000001,1,1,329.5160000000001,1
b1-p3-fixed-1,fixed-1,334.1560000000002,0,0,334.9530000000002,1,1,334.5160000000001,1
b1-p3-fixed-1,fixed-1,339.1560000000002,0,0,339.96900000000005,1,1,339.5310000000002,1
b1-p3-fixed-1,fixed-1,344.172,0,0,344.96900000000005,1,1,344.5310000000002,1
b1-p3-fixed-1,fixed-1,349.1880000000001,0,0,350.0,1,1,349.5630000000001,1
b1-p3-fixed-1,fixed-1,354.1880000000001,0,0,354.98400000000015,1,1,354.547,1
b1-p3-fixed-1,fixed-1,359.2030000000002,0,0,360.0,1,1,359.5780000000002,1
b1-p3-fixed-1,fixed-1,364.21900000000005,0,0,365.0,1,1,364.5780000000002,1
b1-p3-fixed-1,fixed-1,369.23400000000015,0,0,370.0310000000002,1,1,369.60900000000015,1
b1-p3-fixed-1,fixed-1,374.23400000000015,0,0,375.0310000000002,1,1,374.59400000000005,1
b1-p3-fixed-1,fixed-1,379.23400000000015,0,0,380.047,1,1,379.60900000000015,1
b1-p3-fixed-1,fixed-1,384.23400000000015,0,0,385.0310000000002,1,1,384.60900000000015,1
b1-p3-fixed-1,fixed-1,389.23400000000015,0,0,390.047,1,1,389.60900000000015,1
b1-p3-fixed-1,fixed-1,394.25,0,0,395.0630000000001,1,1,394.625,1
b1-p3-fixed-1,fixed-1,399.25,0,0,400.0630000000001,1,1,399.625,1
b1-p3-fixed-1,fixed-1,404.2810000000002,0,0,405.09400000000005,1,1,404.6410000000001,1
b1-p3-fixed-1,fixed-1,409.2810000000002,0,0,410.09400000000005,1,1,409.6560000000002,1
b1-p3-fixed-1,fixed-1,414.297,0,0,415.10900000000015,1,1,414.672,1
b1-p3-fixed-1,fixed-1,419.297,0,0,420.09400000000005,1,1,419.6560000000002,1
b1-p3-fixed-1,fixed-1,424.3130000000001,0,0,425.10900000000015,1,1,424.672,1
b1-p3-fixed-1,fixed-1,429.3130000000001,0,0,430.125,1,1,429.672,1
b1-p3-fixed-1,fixed-1,434.3280000000002,0,0,435.125,1,1,434.7030000000002,1
b1-p3-fixed-1,fixed-1,439.34400000000005,0,0,440.125,1,1,439.7030000000002,1
b1-p3-fixed-1,fixed-1,444.34400000000005,0,0,445.1560000000002,1,1,444.71900000000005,1
b1-p3-fixed-1,fixed-1,449.35900000000015,0,0,450.1410000000001,1,1,449.71900000000005,1
b1-p3-fixed-1,fixed-1,452.0160000000001,0,0,452.8280000000002,1,1,452.3910000000001,1
b2-p1-fixed-1,fixed-1,-1.375,0,0,-0.7029999999999745,1,1,-1.0,1
b2-p1-fixed-1,fixed-1,3.6410000000000764,0,0,4.344000000000051,1,1,4.016000000000076,1
b2-p1-fixed-1,fixed-1,8.656000000000176,0,0,9.344000000000051,1,1,9.047000000000025,1
b2-p1-fixed-1,fixed-1,13.656000000000176,0,0,14.391000000000076,1,1,14.047000000000025,1
b2-p1-fixed-1,fixed-1,18.703000000000202,4,0.366547,19.563000000000102,1,1,19.172000000000025,1
b2-p1-fixed-1,fixed-1,23.73400000000015,8,0.600767,24.71900000000005,1,1,24.266000000000076,1
b2-p1-fixed-1,fixed-1,28.766000000000076,27,0.955639,29.73400000000015,1,1,29.281000000000176,1
b2-p1-fixed-1,fixed-1,33.75,47,2.72233,34.75,1,1,34.281000000000176,1
b2-p1-fixed-1,fixed-1,38.766000000000076,51,3.8349,39.75,1,1,39.297000000000025,1
b2-p1-fixed-1,fixed-1,43.781000000000176,78,4.663115,44.84400000000005,1,1,44.35900000000015,1
b2-p1-fixed-1,fixed-1,48.797000000000025,101,5.872265,49.85900000000015,1,1,49.35900000000015,1
b2-p1-fixed-1,fixed-1,53.781000000000176,115,7.03658,54.85900000000015,1,1,54.34400000000005,1
b2-p1-fixed-1,fixed-1,58.781000000000176,131,8.220717,59.84400000000005,1,1,59.3130000000001,1
b2-p1-fixed-1,fixed-1,63.781000000000176,147,9.439714,64.85900000000015,1,1,64.35900000000015,1
b2-p1-fixed-1,fixed-1,68.78100000000018,162,10.18078,69.85900000000015,1,1,69.34400000000005,1
b2-p1-fixed-1,fixed-1,73.8130000000001,180,11.002388,74.875,1,1,74.375,1
b2-p1-fixed-1,fixed-1,78.8130000000001,161,12.081524,79.85899999999992,1,1,79.34400000000005,1
b2-p1-fixed-1,fixed-1,83.82799999999997,98,12.894057,84.90599999999995,1,1,84.35899999999992,1
b2-p1-fixed-1,fixed-1,88.84400000000005,43,13.236506,89.90599999999995,1,1,89.39100000000008,1
b2-p1-fixed-1,fixed-1,93.84400000000005,0,0,94.92200000000003,1,1,94.34400000000005,1
b2-p1-fixed-1,fixed-1,98.85899999999992,0,0,99.875,1,1,99.34400000000005,1
b2-p1-fixed-1,fixed-1,103.875,0,0,104.9380000000001,1,1,104.35899999999992,1
b2-p1-fixed-1,fixed-1,108.875,0,0,109.875,1,1,109.34400000000005,1
b2-p1-fixed-1,fixed-1,113.875,0,0,114.92200000000003,1,1,114.375,1
b2-p1-fixed-1,fixed-1,118.89100000000008,0,0,119.875,1,1,119.35899999999992,1
b2-p1-fixed-1,fixed-1,123.875,0,0,124.85899999999992,1,1,124.375,1
b2-p1-fixed-1,fixed-1,128.92200000000003,0,0,129.90599999999995,1,1,129.39100000000008,1
b2-p1-fixed-1,fixed-1,133.9380000000001,0,0,134.96900000000005,1,1,134.4380000000001,1
b2-p1-fixed-1,fixed-1,138.92200000000003,0,0,139.78099999999995,1,1,139.3130000000001,1
b2-p1-fixed-1,fixed-1,143.92200000000003,0,0,144.8130000000001,1,1,144.32799999999997,1
b2-p1-fixed-1,fixed-1,148.95299999999997,0,0,149.79700000000003,1,1,149.32799999999997,1
b2-p1-fixed-1,fixed-1,153.95299999999997,0,0,154.82799999999997,1,1,154.34400000000005,1
b2-p1-fixed-1,fixed-1,158.96900000000005,0,0,159.90599999999995,1,1,159.40599999999995,1
b2-p1-fixed-1,fixed-1,163.96900000000005,0,0,164.85899999999992,1,1,164.35899999999992,1
b2-p1-fixed-1,fixed-1,168.96900000000005,0,0,169.8130000000001,1,1,169.35899999999992,1
b2-p1-fixed-1,fixed-1,174.0,0,0,174.875,1,1,174.39100000000008,1
b2-p1-fixed-1,fixed-1,178.98399999999992,0,0,179.84400000000005,1,1,179.375,1
b2-p1-fixed-1,fixed-1,184.0,0,0,184.85899999999992,1,1,184.39100000000008,1
b2-p1-fixed-1,fixed-1,189.01600000000008,0,0,189.84400000000005,1,1,189.39100000000008,1
b2-p1-fixed-1,fixed-1,194.01600000000008,0,0,194.875,1,1,194.42200000000003,1
b2-p1-fixed-1,fixed-1,199.01600000000008,0,0,199.84400000000005,1,1,199.39100000000008,1
b2-p1-fixed-1,fixed-1,204.01600000000008,0,0,204.875,1,1,204.42200000000003,1
b2-p1-fixed-1,fixed-1,209.03099999999995,0,0,209.84400000000005,1,1,209.40599999999995,1
b2-p1-fixed-1,fixed-1,214.03099999999995,0,0,214.85899999999992,1,1,214.42200000000003,1
b2-p1-fixed-1,fixed-1,219.0630000000001,0,0,219.95299999999997,1,1,219.46900000000005,1
b2-p1-fixed-1,fixed-1,224.07799999999997,0,0,224.95299999999997,1,1,224.5,1
b2-p1-fixed-1,fixed-1,229.09400000000005,0,0,229.89100000000008,1,1,229.46900000000005,1
b2-p1-fixed-1,fixed-1,234.09400000000005,0,0,234.95299999999997,1,1,234.5,1
b2-p1-fixed-1,fixed-1,239.125,0,0,239.9380000000001,1,1,239.5,1
b2-p1-fixed-1,fixed-1,244.14100000000008,0,0,245.0,1,1,244.53099999999995,1
b2-p1-fixed-1,fixed-1,249.14100000000008,0,0,249.92200000000003,1,1,249.51600000000008,1
b2-p1-fixed-1,fixed-1,254.15599999999995,0,0,255.01600000000008,1,1,254.54700000000003,1
b2-p1-fixed-1,fixed-1,259.15599999999995,0,0,259.953,1,1,259.53099999999995,1
b2-p1-fixed-1,fixed-1,264.15599999999995,0,0,265.03099999999995,1,1,264.5630000000001,1
b2-p1-fixed-1,fixed-1,269.172,0,0,270.0,1,1,269.547,1
b2-p1-fixed-1,fixed-1,274.1880000000001,0,0,275.03099999999995,1,1,274.578,1
b2-p1-fixed-1,fixed-1,279.203,0,0,280.0160000000001,1,1,279.578,1
b2-p1-fixed-1,fixed-1,284.203,0,0,285.0630000000001,1,1,284.6089999999999,1
b2-p1-fixed-1,fixed-1,289.21900000000005,0,0,290.03099999999995,1,1,289.59400000000005,1
b2-p1-fixed-1,fixed-1,294.2339999999999,0,0,295.09400000000005,1,1,294.625,1
b2-p1-fixed-1,fixed-1,299.2339999999999,0,0,300.0630000000001,1,1,299.6089999999999,1
b2-p1-fixed-1,fixed-1,304.25,0,0,305.1089999999999,1,1,304.6410000000001,1
b2-p1-fixed-1,fixed-1,309.2660000000001,0,0,310.0630000000001,1,1,309.625,1
b2-p1-fixed-1,fixed-1,314.28099999999995,0,0,315.1410000000001,1,1,314.672,1
b2-p1-fixed-1,fixed-1,319.28099999999995,0,0,320.1089999999999,1,1,319.65599999999995,1
b2-p1-fixed-1,fixed-1,324.297,0,0,325.1410000000001,1,1,324.672,1
b2-p1-fixed-1,fixed-1,329.28099999999995,0,0,330.078,1,1,329.65599999999995,1
b2-p1-fixed-1,fixed-1,334.328,0,0,335.21900000000005,1,1,334.7339999999999,1
b2-p1-fixed-1,fixed-1,339.3130000000001,0,0,340.1089999999999,1,1,339.672,1
b2-p1-fixed-1,fixed-1,344.328,0,0,345.172,1,1,344.71900000000005,1
b2-p1-fixed-1,fixed-1,349.328,0,0,350.15599999999995,1,1,349.703,1
b2-p1-fixed-1,fixed-1,354.34400000000005,0,0,355.203,1,1,354.75,1
b2-p1-fixed-1,fixed-1,359.34400000000005,0,0,360.15599999999995,1,1,359.71900000000005,1
b2-p1-fixed-1,fixed-1,364.3589999999999,0,0,365.1880000000001,1,1,364.75,1
b2-p1-fixed-1,fixed-1,369.34400000000005,0,0,370.15599999999995,1,1,369.71900000000005,1
b2-p1-fixed-1,fixed-1,374.3589999999999,0,0,375.21900000000005,1,1,374.7660000000001,1
b2-p1-fixed-1,fixed-1,379.3589999999999,0,0,380.15599999999995,1,1,379.71900000000005,1
b2-p1-fixed-1,fixed-1,384.375,0,0,385.2339999999999,1,1,384.78099999999995,1
b2-p1-fixed-1,fixed-1,389.375,0,0,390.1880000000001,1,1,389.75,1
b2-p1-fixed-1,fixed-1,394.40599999999995,0,0,395.25,1,1,394.797,1
b2-p1-fixed-1,fixed-1,399.40599999999995,0,0,400.21900000000005,1,1,399.78099999999995,1
b2-p1-fixed-1,fixed-1,404.4380000000001,0,0,405.28099999999995,1,1,404.828,1
b2-p1-fixed-1,fixed-1,409.422,0,0,410.25,1,1,409.8130000000001,1
b2-p1-fixed-1,fixed-1,414.422,0,0,415.297,1,1,414.84400000000005,1
b2-p1-fixed-1,fixed-1,419.4380000000001,0,0,420.2660000000001,1,1,419.828,1
b2-p1-fixed-1,fixed-1,424.453,0,0,425.328,1,1,424.875,1
b2-p1-fixed-1,fixed-1,429.453,0,0,430.28099999999995,1,1,429.84400000000005,1
b2-p1-fixed-1,fixed-1,434.453,0,0,435.328,1,1,434.8589999999999,1
b2-p1-fixed-1,fixed-1,439.453,0,0,440.2660000000001,1,1,439.828,1
b2-p1-fixed-1,fixed-1,444.46900000000005,0,0,445.3130000000001,1,1,444.8589999999999,1
b2-p1-fixed-1,fixed-1,449.4839999999999,0,0,450.297,1,1,449.8589999999999,1
b2-p1-fixed-1,fixed-1,452.078,0,0,452.9380000000001,1,1,452.5,1
b2-p2-adaptive,adaptive,-1.5,0,0,-0.7820000000001528,1,1,-1.1100000000001273,1
b2-p2-adaptive,adaptive,3.5,1,0.152824,4.217999999999847,1,1,3.8899999999998727,1
b2-p2-adaptive,adaptive,8.530999999999949,0,0,9.280999999999949,1,1,8.922000000000025,1
b2-p2-adaptive,adaptive,13.530999999999949,0,0,14.297000000000025,1,1,13.922000000000025,1
b2-p2-adaptive,adaptive,18.561999999999898,0,0,19.5,1,1,19.061999999999898,1
b2-p2-adaptive,adaptive,23.592999999999847,9,0.849161,24.608999999999924,1,1,24.172000000000025,1
b2-p2-adaptive,adaptive,28.592999999999847,19,1.380824,29.639999999999873,1,1,29.172000000000025,1
b2-p2-adaptive,adaptive,33.59299999999985,31,2.537159,34.608999999999924,1,1,34.125,1
b2-p2-adaptive,adaptive,38.608999999999924,54,3.073408,39.65599999999995,1,1,39.172000000000025,1
b2-p2-adaptive,adaptive,43.608999999999924,76,4.365782,44.65599999999995,1,1,44.1869999999999,1
b2-p2-adaptive,adaptive,48.608999999999924,88,5.640161,49.65599999999995,1,1,49.172000000000025,1
b2-p2-adaptive,adaptive,53.608999999999924,105,6.853024,54.78099999999995,2,1,54.202999999999975,2
b2-p2-adaptive,adaptive,58.65599999999995,80,5.640484,59.88999999999987,2,1,59.233999999999924,2
b2-p2-adaptive,adaptive,63.65599999999995,40,1.69696,64.875,2,1,64.26499999999987,2
b2-p2-adaptive,adaptive,68.67200000000003,2,0.039625,69.88999999999987,2,1,69.26499999999987,2
b2-p2-adaptive,adaptive,73.70299999999997,11,0.391626,74.96799999999985,2,2,74.28099999999995,2
b2-p2-adaptive,adaptive,78.70299999999997,0,0,79.92200000000003,2,2,79.25,2
b2-p2-adaptive,adaptive,83.6869999999999,0,0,84.9369999999999,2,2,84.25,2
b2-p2-adaptive,adaptive,88.70299999999997,0,0,89.96799999999985,2,2,89.28099999999995,2
b2-p2-adaptive,adaptive,93.70299999999997,0,0,94.95299999999997,2,2,94.26499999999987,2
b2-p2-adaptive,adaptive,98.70299999999997,0,0,99.90599999999995,2,2,99.25,2
b2-p2-adaptive,adaptive,103.70299999999997,0,0,104.88999999999987,2,2,104.25,2
b2-p2-adaptive,adaptive,108.75,0,0,110.0,2,2,109.3119999999999,2
b2-p2-adaptive,adaptive,113.73399999999992,0,0,114.98399999999992,2,2,114.26499999999987,2
b2-p2-adaptive,adaptive,118.75,0,0,119.96799999999985,2,2,119.29700000000003,2
b2-p2-adaptive,adaptive,123.75,0,0,124.96799999999985,2,2,124.29700000000003,2
b2-p2-adaptive,adaptive,128.76499999999987,0,0,129.95299999999997,2,2,129.29700000000003,2
b2-p2-adaptive,adaptive,133.78099999999995,0,0,134.98399999999992,2,2,134.32799999999997,2
b2-p2-adaptive,adaptive,138.75,0,0,139.8119999999999,2,2,139.20299999999997,2
b2-p2-adaptive,adaptive,143.75,0,0,144.8119999999999,2,2,144.20299999999997,2
b2-p2-adaptive,adaptive,148.76499999999987,0,0,149.8119999999999,2,2,149.23399999999992,2
b2-p2-adaptive,adaptive,153.78099999999995,0,0,154.84299999999985,2,2,154.25,2
b2-p2-adaptive,adaptive,158.79700000000003,0,0,159.82799999999997,2,2,159.25,2
b2-p2-adaptive,adaptive,163.78099999999995,0,0,164.8119999999999,2,2,164.25,2
b2-p2-adaptive,adaptive,168.8119999999999,0,0,169.84299999999985,2,2,169.26499999999987,2
b2-p2-adaptive,adaptive,173.84299999999985,0,0,174.90599999999995,2,2,174.29700000000003,2
b2-p2-adaptive,adaptive,178.82799999999997,0,0,179.85899999999992,2,2,179.26499999999987,2
b2-p2-adaptive,adaptive,183.82799999999997,0,0,184.875,2,2,184.29700000000003,2
b2-p2-adaptive,adaptive,188.82799999999997,0,0,189.90599999999995,2,2,189.29700000000003,2
b2-p2-adaptive,adaptive,193.84299999999985,0,0,194.875,2,2,194.29700000000003,2
b2-p2-adaptive,adaptive,198.85899999999992,0,0,199.88999999999987,2,2,199.3119999999999,2
b2-p2-adaptive,adaptive,203.84299999999985,0,0,204.85899999999992,2,2,204.29700000000003,2
b2-p2-adaptive,adaptive,208.85899999999992,0,0,209.875,2,2,209.3119999999999,2
b2-p2-adaptive,adaptive,213.875,0,0,214.90599999999995,2,2,214.34299999999985,2
b2-p2-adaptive,adaptive,218.875,0,0,219.90599999999995,2,2,219.34299999999985,2
b2-p2-adaptive,adaptive,223.88999999999987,0,0,224.90599999999995,2,2,224.35899999999992,2
b2-p2-adaptive,adaptive,228.88999999999987,0,0,229.88999999999987,2,2,229.35899999999992,2
b2-p2-adaptive,adaptive,233.90599999999995,0,0,234.92200000000003,2,2,234.35899999999992,2
b2-p2-adaptive,adaptive,238.92200000000003,0,0,239.90599999999995,2,2,239.375,2
b2-p2-adaptive,adaptive,243.9369999999999,0,0,244.9369999999999,2,2,244.38999999999987,2
b2-p2-adaptive,adaptive,248.95299999999997,0,0,249.9369999999999,2,2,249.38999999999987,2
b2-p2-adaptive,adaptive,253.95299999999997,0,0,254.96799999999985,2,2,254.4369999999999,2
b2-p2-adaptive,adaptive,258.96799999999985,0,0,259.953,2,2,259.422,2
b2-p2-adaptive,adaptive,263.96799999999985,0,0,264.96799999999985,2,2,264.4369999999999,2
b2-p2-adaptive,adaptive,268.9839999999999,0,0,269.96799999999985,2,2,269.453,2
b2-p2-adaptive,adaptive,273.9839999999999,0,0,275.0,2,2,274.453,2
b2-p2-adaptive,adaptive,279.0,0,0,280.047,2,2,279.46799999999985,2
b2-p2-adaptive,adaptive,284.0149999999999,0,0,285.0,2,2,284.46799999999985,2
b2-p2-adaptive,adaptive,289.0149999999999,0,0,290.0149999999999,2,2,289.4839999999999,2
b2-p2-adaptive,adaptive,294.047,0,0,295.03099999999995,2,2,294.5,2
b2-p2-adaptive,adaptive,299.047,0,0,300.03099999999995,2,2,299.5149999999999,2
b2-p2-adaptive,adaptive,304.09299999999985,0,0,305.0619999999999,2,2,304.547,2
b2-p2-adaptive,adaptive,309.09299999999985,0,0,310.078,2,2,309.5619999999999,2
b2-p2-adaptive,adaptive,314.1399999999999,0,0,315.203,2,2,314.625,2
b2-p2-adaptive,adaptive,319.09299999999985,0,0,320.078,2,2,319.547,2
b2-p2-adaptive,adaptive,324.09299999999985,0,0,325.078,2,2,324.547,2
b2-p2-adaptive,adaptive,329.09299999999985,0,0,330.078,2,2,329.5619999999999,2
b2-p2-adaptive,adaptive,334.09299999999985,0,0,335.0619999999999,2,2,334.5619999999999,2
b2-p2-adaptive,adaptive,339.125,0,0,340.125,2,2,339.59299999999985,2
b2-p2-adaptive,adaptive,344.125,0,0,345.078,2,2,344.578,2
b2-p2-adaptive,adaptive,349.125,0,0,350.09299999999985,2,2,349.578,2
b2-p2-adaptive,adaptive,354.125,0,0,354.8899999999999,1,1,354.5619999999999,1
b2-p2-adaptive,adaptive,359.125,0,0,359.875,1,1,359.5619999999999,1
b2-p2-adaptive,adaptive,364.125,0,0,364.875,1,1,364.5619999999999,1
b2-p2-adaptive,adaptive,369.1399999999999,0,0,369.875,1,1,369.5619999999999,1
b2-p2-adaptive,adaptive,374.172,0,0,374.90599999999995,1,1,374.59299999999985,1
b2-p2-adaptive,adaptive,379.15599999999995,0,0,379.8899999999999,1,1,379.578,1
b2-p2-adaptive,adaptive,384.1869999999999,0,0,384.922,1,1,384.6089999999999,1
b2-p2-adaptive,adaptive,389.172,0,0,389.922,1,1,389.59299999999985,1
b2-p2-adaptive,adaptive,394.1869999999999,0,0,394.922,1,1,394.6089999999999,1
b2-p2-adaptive,adaptive,399.203,0,0,399.922,1,1,399.59299999999985,1
b2-p2-adaptive,adaptive,404.1869999999999,0,0,404.922,1,1,404.59299999999985,1
b2-p2-adaptive,adaptive,409.203,0,0,409.922,1,1,409.6089999999999,1
b2-p2-adaptive,adaptive,414.2339999999999,0,0,414.9839999999999,1,1,414.65599999999995,1
b2-p2-adaptive,adaptive,419.2339999999999,0,0,419.953,1,1,419.6399999999999,1
b2-p2-adaptive,adaptive,424.25,0,0,424.96799999999985,1,1,424.65599999999995,1
b2-p2-adaptive,adaptive,429.2649999999999,0,0,429.96799999999985,1,1,429.65599999999995,1
b2-p2-adaptive,adaptive,434.25,0,0,434.96799999999985,1,1,434.65599999999995,1
b2-p2-adaptive,adaptive,439.28099999999995,0,0,439.9839999999999,1,1,439.672,1
b2-p2-adaptive,adaptive,444.28099999999995,0,0,444.9839999999999,1,1,444.65599999999995,1
b2-p2-adaptive,adaptive,449.28099999999995,0,0,450.0,1,1,449.672,1
b2-p2-adaptive,adaptive,453.25,0,0,453.953,1,1,453.6089999999999,1
b2-p3-fixed-2,fixed-2,-1.6720000000000255,0,0,-0.7970000000000255,2,2,-1.1880000000001019,2
b2-p3-fixed-2,fixed-2,3.3279999999999745,0,0,4.217999999999847,2,2,3.811999999999898,2
b2-p3-fixed-2,fixed-2,8.327999999999975,1,0.116149,9.217999999999847,2,2,8.797000000000025,2
b2-p3-fixed-2,fixed-2,13.342999999999847,0,0,14.217999999999847,2,2,13.827999999999975,2
b2-p3-fixed-2,fixed-2,18.342999999999847,0,0,19.40599999999995,2,2,18.889999999999873,2
b2-p3-fixed-2,fixed-2,23.375,11,0.298603,24.514999999999873,2,2,23.952999999999975,2
b2-p3-fixed-2,fixed-2,28.389999999999873,1,0.0478,29.561999999999898,2,2,28.983999999999924,2
b2-p3-fixed-2,fixed-2,33.38999999999987,0,0,34.547000000000025,2,2,33.952999999999975,2
b2-p3-fixed-2,fixed-2,38.40599999999995,0,0,39.5619999999999,2,2,38.983999999999924,2
b2-p3-fixed-2,fixed-2,43.40599999999995,20,0.333034,44.59299999999985,2,2,43.96799999999985,2
b2-p3-fixed-2,fixed-2,48.4369999999999,9,0.470549,49.63999999999987,2,2,49.01499999999987,2
b2-p3-fixed-2,fixed-2,53.46799999999985,8,0.084411,54.672000000000025,2,2,54.047000000000025,2
b2-p3-fixed-2,fixed-2,58.483999999999924,16,0.317184,59.733999999999924,2,2,59.0619999999999,2
b2-p3-fixed-2,fixed-2,63.51499999999987,7,0.511272,64.82799999999997,2,2,64.15599999999995,2
b2-p3-fixed-2,fixed-2,68.5,0,0,69.73399999999992,2,2,69.0619999999999,2
b2-p3-fixed-2,fixed-2,73.46799999999985,4,0.516943,74.73399999999992,2,2,74.03099999999995,2
b2-p3-fixed-2,fixed-2,78.45299999999997,0,0,79.65599999999995,2,2,79.01499999999987,2
b2-p3-fixed-2,fixed-2,83.45299999999997,0,0,84.65599999999995,2,2,84.01499999999987,2
b2-p3-fixed-2,fixed-2,88.5,0,0,89.73399999999992,2,2,89.0619999999999,2
b2-p3-fixed-2,fixed-2,93.51499999999987,0,0,94.70299999999997,2,2,94.0619999999999,2
b2-p3-fixed-2,fixed-2,98.53099999999995,0,0,99.71799999999985,2,2,99.0619999999999,2
b2-p3-fixed-2,fixed-2,103.51499999999987,0,0,104.6869999999999,2,2,104.04700000000003,2
b2-p3-fixed-2,fixed-2,108.51499999999987,0,0,109.73399999999992,2,2,109.0619999999999,2
b2-p3-fixed-2,fixed-2,113.53099999999995,0,0,114.6869999999999,2,2,114.04700000000003,2
b2-p3-fixed-2,fixed-2,118.5619999999999,0,0,119.73399999999992,2,2,119.09299999999985,2
b2-p3-fixed-2,fixed-2,123.5619999999999,0,0,124.75,2,2,124.09299999999985,2
b2-p3-fixed-2,fixed-2,128.5619999999999,0,0,129.75,2,2,129.07799999999997,2
b2-p3-fixed-2,fixed-2,133.5619999999999,0,0,134.71799999999985,2,2,134.07799999999997,2
b2-p3-fixed-2,fixed-2,138.5,0,0,139.53099999999995,2,2,138.96799999999985,2
b2-p3-fixed-2,fixed-2,143.53099999999995,0,0,144.51499999999987,2,2,143.98399999999992,2
b2-p3-fixed-2,fixed-2,148.5619999999999,0,0,149.625,2,2,149.0619999999999,2
b2-p3-fixed-2,fixed-2,153.5619999999999,0,0,154.54700000000003,2,2,154.01499999999987,2
b2-p3-fixed-2,fixed-2,158.57799999999997,0,0,159.59299999999985,2,2,159.03099999999995,2
b2-p3-fixed-2,fixed-2,163.59299999999985,0,0,164.5619999999999,2,2,164.04700000000003,2
b2-p3-fixed-2,fixed-2,168.59299999999985,0,0,169.63999999999987,2,2,169.0619999999999,2
b2-p3-fixed-2,fixed-2,173.59299999999985,0,0,174.5619999999999,2,2,174.03099999999995,2
b2-p3-fixed-2,fixed-2,178.57799999999997,0,0,179.57799999999997,2,2,179.03099999999995,2
b2-p3-fixed-2,fixed-2,183.59299999999985,0,0,184.5619999999999,2,2,184.03099999999995,2
b2-p3-fixed-2,fixed-2,188.60899999999992,0,0,189.60899999999992,2,2,189.04700000000003,2
b2-p3-fixed-2,fixed-2,193.625,0,0,194.54700000000003,2,2,194.04700000000003,2
b2-p3-fixed-2,fixed-2,198.63999999999987,0,0,199.63999999999987,2,2,199.07799999999997,2
b2-p3-fixed-2,fixed-2,203.63999999999987,0,0,204.5619999999999,2,2,204.04700000000003,2
b2-p3-fixed-2,fixed-2,208.625,0,0,209.625,2,2,209.0619999999999,2
b2-p3-fixed-2,fixed-2,213.625,0,0,214.57799999999997,2,2,214.03099999999995,2
b2-p3-fixed-2,fixed-2,218.63999999999987,0,0,219.625,2,2,219.07799999999997,2
b2-p3-fixed-2,fixed-2,223.65599999999995,0,0,224.59299999999985,2,2,224.0619999999999,2
b2-p3-fixed-2,fixed-2,228.63999999999987,0,0,229.625,2,2,229.0619999999999,2
b2-p3-fixed-2,fixed-2,233.65599999999995,0,0,234.59299999999985,2,2,234.0619999999999,2
b2-p3-fixed-2,fixed-2,238.67200000000003,0,0,239.625,2,2,239.07799999999997,2
b2-p3-fixed-2,fixed-2,243.6869999999999,0,0,244.60899999999992,2,2,244.09299999999985,2
b2-p3-fixed-2,fixed-2,248.70299999999997,0,0,249.67200000000003,2,2,249.10899999999992,2
b2-p3-fixed-2,fixed-2,253.70299999999997,0,0,254.67200000000003,2,2,254.10899999999992,2
b2-p3-fixed-2,fixed-2,258.6869999999999,0,0,259.65599999999995,2,2,259.1089999999999,2
b2-p3-fixed-2,fixed-2,263.6869999999999,0,0,264.6089999999999,2,2,264.078,2
b2-p3-fixed-2,fixed-2,268.703,0,0,269.6399999999999,2,2,269.1089999999999,2
b2-p3-fixed-2,fixed-2,273.71799999999985,0,0,274.625,2,2,274.09299999999985,2
b2-p3-fixed-2,fixed-2,278.71799999999985,0,0,279.672,2,2,279.125,2
b2-p3-fixed-2,fixed-2,283.71799999999985,0,0,284.59299999999985,2,2,284.09299999999985,2
b2-p3-fixed-2,fixed-2,288.71799999999985,0,0,289.6869999999999,2,2,289.15599999999995,2
b2-p3-fixed-2,fixed-2,293.75,0,0,294.65599999999995,2,2,294.1399999999999,2
b2-p3-fixed-2,fixed-2,298.75,0,0,299.703,2,2,299.1399999999999,2
b2-p3-fixed-2,fixed-2,303.7339999999999,0,0,304.6399999999999,2,2,304.125,2
b2-p3-fixed-2,fixed-2,308.7339999999999,0,0,309.672,2,2,309.1399999999999,2
b2-p3-fixed-2,fixed-2,313.7649999999999,0,0,314.65599999999995,2,2,314.1399999999999,2
b2-p3-fixed-2,fixed-2,318.7649999999999,0,0,319.703,2,2,319.15599999999995,2
b2-p3-fixed-2,fixed-2,323.7649999999999,0,0,324.672,2,2,324.1399999999999,2
b2-p3-fixed-2,fixed-2,328.7649999999999,0,0,329.71799999999985,2,2,329.172,2
b2-p3-fixed-2,fixed-2,333.7649999999999,0,0,334.65599999999995,2,2,334.1399999999999,2
b2-p3-fixed-2,fixed-2,338.7649999999999,0,0,339.703,2,2,339.172,2
b2-p3-fixed-2,fixed-2,343.7649999999999,0,0,344.65599999999995,2,2,344.1399999999999,2
b2-p3-fixed-2,fixed-2,348.828,0,0,349.8899999999999,2,2,349.297,2
b2-p3-fixed-2,fixed-2,353.8119999999999,0,0,354.71799999999985,2,2,354.1869999999999,2
b2-p3-fixed-2,fixed-2,358.8119999999999,0,0,359.7649999999999,2,2,359.203,2
b2-p3-fixed-2,fixed-2,363.8119999999999,0,0,364.703,2,2,364.1869999999999,2
b2-p3-fixed-2,fixed-2,368.8119999999999,0,0,369.75,2,2,369.21799999999985,2
b2-p3-fixed-2,fixed-2,373.8119999999999,0,0,374.7339999999999,2,2,374.203,2
b2-p3-fixed-2,fixed-2,378.828,0,0,379.78099999999995,2,2,379.2339999999999,2
b2-p3-fixed-2,fixed-2,383.828,0,0,384.75,2,2,384.2339999999999,2
b2-p3-fixed-2,fixed-2,388.84299999999985,0,0,389.78099999999995,2,2,389.25,2
b2-p3-fixed-2,fixed-2,393.8589999999999,0,0,394.75,2,2,394.2339999999999,2
b2-p3-fixed-2,fixed-2,398.875,0,0,399.8119999999999,2,2,399.2649999999999,2
b2-p3-fixed-2,fixed-2,403.875,0,0,404.78099999999995,2,2,404.25,2
b2-p3-fixed-2,fixed-2,408.875,0,0,409.828,2,2,409.297,2
b2-p3-fixed-2,fixed-2,413.8899999999999,0,0,414.78099999999995,2,2,414.25,2
b2-p3-fixed-2,fixed-2,418.8899999999999,0,0,419.84299999999985,2,2,419.297,2
b2-p3-fixed-2,fixed-2,423.8899999999999,0,0,424.78099999999995,2,2,424.28099999999995,2
b2-p3-fixed-2,fixed-2,428.922,0,0,429.875,2,2,429.328,2
b2-p3-fixed-2,fixed-2,433.922,0,0,434.8119999999999,2,2,434.297,2
b2-p3-fixed-2,fixed-2,438.953,0,0,439.8899999999999,2,2,439.3589999999999,2
b2-p3-fixed-2,fixed-2,443.9369999999999,0,0,444.84299999999985,2,2,444.328,2
b2-p3-fixed-2,fixed-2,448.953,0,0,449.8899999999999,2,2,449.34299999999985,2
b2-p3-fixed-2,fixed-2,451.84299999999985,0,0,452.7339999999999,2,2,452.21799999999985,2
b3-p1-fixed-2,fixed-2,-1.594000000000051,0,0,-0.75,2,2,-1.1720000000004802,2
b3-p1-fixed-2,fixed-2,3.389999999999418,1,0.081832,4.217999999999847,2,2,3.780999999999949,2
b3-p1-fixed-2,fixed-2,8.405999999999949,0,0,9.264999999999418,2,2,8.82799999999952,2
b3-p1-fixed-2,fixed-2,13.389999999999418,1,0.166585,14.186999999999898,2,2,13.780999999999949,2
b3-p1-fixed-2,fixed-2,18.436999999999898,4,0.185898,19.514999999999418,2,2,18.98399999999947,2
b3-p1-fixed-2,fixed-2,23.467999999999847,2,0.310145,24.60899999999947,2,2,24.04699999999957,2
b3-p1-fixed-2,fixed-2,28.5,9,0.36474,29.60899999999947,2,2,29.03099999999995,2
b3-p1-fixed-2,fixed-2,33.5,8,0.23891,34.6869999999999,2,2,34.0619999999999,2
b3-p1-fixed-2,fixed-2,38.5,3,0.06512,39.6869999999999,2,2,39.0619999999999,2
b3-p1-fixed-2,fixed-2,43.5,15,0.421806,44.70299999999952,2,2,44.07799999999952,2
b3-p1-fixed-2,fixed-2,48.51499999999942,4,0.152585,49.73399999999947,2,2,49.09299999999985,2
b3-p1-fixed-2,fixed-2,53.53099999999995,1,0.352895,54.76499999999942,2,2,54.125,2
b3-p1-fixed-2,fixed-2,58.53099999999995,10,0.269505,59.76499999999942,2,2,59.09299999999985,2
b3-p1-fixed-2,fixed-2,63.54699999999957,3,0.113863,64.76499999999942,2,2,64.10899999999947,2
b3-p1-fixed-2,fixed-2,68.59299999999985,6,0.242502,69.875,2,2,69.17199999999957,2
b3-p1-fixed-2,fixed-2,73.54699999999957,0,0,74.78099999999995,2,2,74.125,2
b3-p1-fixed-2,fixed-2,78.5619999999999,1,0.036921,79.78099999999995,2,2,79.09299999999985,2
b3-p1-fixed-2,fixed-2,83.5619999999999,0,0,84.76499999999942,2,2,84.09299999999985,2
b3-p1-fixed-2,fixed-2,88.57799999999952,1,0.149151,89.78099999999995,2,2,89.10899999999947,2
b3-p1-fixed-2,fixed-2,93.54699999999957,0,0,94.67199999999957,2,2,94.03099999999995,2
b3-p1-fixed-2,fixed-2,98.5619999999999,0,0,99.73399999999947,2,2,99.07799999999952,2
b3-p1-fixed-2,fixed-2,103.54699999999957,0,0,104.67199999999957,2,2,104.0619999999999,2
b3-p1-fixed-2,fixed-2,108.5619999999999,0,0,109.75,2,2,109.07799999999952,2
b3-p1-fixed-2,fixed-2,113.5619999999999,0,0,114.70299999999952,2,2,114.07799999999952,2
b3-p1-fixed-2,fixed-2,118.57799999999952,0,0,119.76499999999942,2,2,119.07799999999952,2
b3-p1-fixed-2,fixed-2,123.57799999999952,0,0,124.71799999999985,2,2,124.07799999999952,2
b3-p1-fixed-2,fixed-2,128.59299999999985,0,0,129.76499999999942,2,2,129.10899999999947,2
b3-p1-fixed-2,fixed-2,133.59299999999985,0,0,134.75,2,2,134.09299999999985,2
b3-p1-fixed-2,fixed-2,138.57799999999952,0,0,139.59299999999985,2,2,139.01499999999942,2
b3-p1-fixed-2,fixed-2,143.59299999999985,0,0,144.54699999999957,2,2,144.0,2
b3-p1-fixed-2,fixed-2,148.60899999999947,0,0,149.60899999999947,2,2,149.04699999999957,2
b3-p1-fixed-2,fixed-2,153.625,0,0,154.59299999999985,2,2,154.04699999999957,2
b3-p1-fixed-2,fixed-2,158.625,0,0,159.625,2,2,159.0619999999999,2
b3-p1-fixed-2,fixed-2,163.625,0,0,164.57799999999952,2,2,164.04699999999957,2
b3-p1-fixed-2,fixed-2,168.63999999999942,0,0,169.63999999999942,2,2,169.0619999999999,2
b3-p1-fixed-2,fixed-2,173.63999999999942,0,0,174.5619999999999,2,2,174.04699999999957,2
b3-p1-fixed-2,fixed-2,178.67199999999957,0,0,179.65599999999995,2,2,179.09299999999985,2
b3-p1-fixed-2,fixed-2,183.65599999999995,0,0,184.59299999999985,2,2,184.0619999999999,2
b3-p1-fixed-2,fixed-2,188.67199999999957,0,0,189.65599999999995,2,2,189.09299999999985,2
b3-p1-fixed-2,fixed-2,193.65599999999995,0,0,194.59299999999985,2,2,194.0619999999999,2
b3-p1-fixed-2,fixed-2,198.67199999999957,0,0,199.63999999999942,2,2,199.09299999999985,2
b3-p1-fixed-2,fixed-2,203.67199999999957,0,0,204.57799999999952,2,2,204.07799999999952,2
b3-p1-fixed-2,fixed-2,208.6869999999999,0,0,209.67199999999957,2,2,209.125,2
b3-p1-fixed-2,fixed-2,213.6869999999999,0,0,214.625,2,2,214.09299999999985,2
b3-p1-fixed-2,fixed-2,218.70299999999952,0,0,219.6869999999999,2,2,219.13999999999942,2
b3-p1-fixed-2,fixed-2,223.70299999999952,0,0,224.63999999999942,2,2,224.125,2
b3-p1-fixed-2,fixed-2,228.75,0,0,229.71799999999985,2,2,229.17199999999957,2
b3-p1-fixed-2,fixed-2,233.75,0,0,234.70299999999952,2,2,234.17199999999957,2
b3-p1-fixed-2,fixed-2,238.76499999999942,0,0,239.73399999999947,2,2,239.1869999999999,2
b3-p1-fixed-2,fixed-2,243.78099999999995,0,0,244.70299999999952,2,2,244.1869999999999,2
b3-p1-fixed-2,fixed-2,248.79699999999957,0,0,249.78099999999995,2,2,249.21799999999985,2
b3-p1-fixed-2,fixed-2,253.79699999999957,0,0,254.71799999999985,2,2,254.1869999999999,2
b3-p1-fixed-2,fixed-2,258.8119999999999,0,0,259.7649999999994,2,2,259.21799999999985,2
b3-p1-fixed-2,fixed-2,263.84299999999985,0,0,264.75,2,2,264.23399999999947,2
b3-p1-fixed-2,fixed-2,268.85899999999947,0,0,269.8119999999999,2,2,269.2649999999994,2
b3-p1-fixed-2,fixed-2,273.85899999999947,0,0,274.8119999999999,2,2,274.2649999999994,2
b3-p1-fixed-2,fixed-2,278.875,0,0,279.8279999999995,2,2,279.29699999999957,2
b3-p1-fixed-2,fixed-2,283.875,0,0,284.7649999999994,2,2,284.25,2
b3-p1-fixed-2,fixed-2,288.8899999999994,0,0,289.8279999999995,2,2,289.29699999999957,2
b3-p1-fixed-2,fixed-2,293.90599999999995,0,0,294.8119999999999,2,2,294.28099999999995,2
b3-p1-fixed-2,fixed-2,298.90599999999995,0,0,299.85899999999947,2,2,299.3119999999999,2
b3-p1-fixed-2,fixed-2,303.8899999999994,0,0,304.8279999999995,2,2,304.28099999999995,2
b3-p1-fixed-2,fixed-2,308.90599999999995,0,0,309.85899999999947,2,2,309.3279999999995,2
b3-p1-fixed-2,fixed-2,313.90599999999995,0,0,314.8119999999999,2,2,314.29699999999957,2
b3-p1-fixed-2,fixed-2,318.90599999999995,0,0,319.85899999999947,2,2,319.3279999999995,2
b3-p1-fixed-2,fixed-2,323.9369999999999,0,0,324.8279999999995,2,2,324.3119999999999,2
b3-p1-fixed-2,fixed-2,328.92199999999957,0,0,329.875,2,2,329.34299999999985,2
b3-p1-fixed-2,fixed-2,333.90599999999995,0,0,334.8279999999995,2,2,334.3119999999999,2
b3-p1-fixed-2,fixed-2,338.9369999999999,0,0,339.875,2,2,339.34299999999985,2
b3-p1-fixed-2,fixed-2,343.92199999999957,0,0,344.8119999999999,2,2,344.29699999999957,2
b3-p1-fixed-2,fixed-2,348.92199999999957,0,0,349.875,2,2,349.34299999999985,2
b3-p1-fixed-2,fixed-2,353.9369999999999,0,0,354.84299999999985,2,2,354.3279999999995,2
b3-p1-fixed-2,fixed-2,358.96799999999985,0,0,359.875,2,2,359.35899999999947,2
b3-p1-fixed-2,fixed-2,363.96799999999985,0,0,364.85899999999947,2,2,364.34299999999985,2
b3-p1-fixed-2,fixed-2,369.0,0,0,369.92199999999957,2,2,369.3899999999994,2
b3-p1-fixed-2,fixed-2,373.98399999999947,0,0,374.8899999999994,2,2,374.35899999999947,2
b3-p1-fixed-2,fixed-2,379.0,0,0,379.9529999999995,2,2,379.40599999999995,2
b3-p1-fixed-2,fixed-2,384.0,0,0,384.92199999999957,2,2,384.3899999999994,2
b3-p1-fixed-2,fixed-2,389.03099999999995,0,0,389.9369999999999,2,2,389.42199999999957,2
b3-p1-fixed-2,fixed-2,394.0149999999994,0,0,394.90599999999995,2,2,394.3899999999994,2
b3-p1-fixed-2,fixed-2,399.0149999999994,0,0,399.9369999999999,2,2,399.40599999999995,2
b3-p1-fixed-2,fixed-2,404.03099999999995,0,0,404.8899999999994,2,2,404.3899999999994,2
b3-p1-fixed-2,fixed-2,409.03099999999995,0,0,409.9529999999995,2,2,409.42199999999957,2
b3-p1-fixed-2,fixed-2,414.0149999999994,0,0,414.9369999999999,2,2,414.40599999999995,2
b3-p1-fixed-2,fixed-2,419.04699999999957,0,0,419.9529999999995,2,2,419.4369999999999,2
b3-p1-fixed-2,fixed-2,424.03099999999995,0,0,424.92199999999957,2,2,424.40599999999995,2
b3-p1-fixed-2,fixed-2,429.0619999999999,0,0,430.03099999999995,2,2,429.46799999999985,2
b3-p1-fixed-2,fixed-2,434.0619999999999,0,0,434.9529999999995,2,2,434.4369999999999,2
b3-p1-fixed-2,fixed-2,439.10899999999947,0,0,440.0149999999994,2,2,439.5,2
b3-p1-fixed-2,fixed-2,444.09299999999985,0,0,445.0,2,2,444.46799999999985,2
b3-p1-fixed-2,fixed-2,449.10899999999947,0,0,450.04699999999957,2,2,449.5149999999994,2
b3-p1-fixed-2,fixed-2,451.21799999999985,0,0,452.17199999999957,2,2,451.59299999999985,2
b3-p2-fixed-1,fixed-1,-1.469000000000051,0,0,-0.8130000000001019,1,1,-1.094000000000051,1
b3-p2-fixed-1,fixed-1,3.561999999999898,1,0.144411,4.296999999999571,1,1,3.967999999999847,1
b3-p2-fixed-1,fixed-1,8.57799999999952,0,0,9.280999999999949,1,1,8.95299999999952,1
b3-p2-fixed-1,fixed-1,13.57799999999952,0,0,14.32799999999952,1,1,13.983999999999469,1
b3-p2-fixed-1,fixed-1,18.60899999999947,9,0.386223,19.5,1,1,19.07799999999952,1
b3-p2-fixed-1,fixed-1,23.639999999999418,8,0.998202,24.625,1,1,24.186999999999898,1
b3-p2-fixed-1,fixed-1,28.639999999999418,30,1.62035,29.639999999999418,1,1,29.17199999999957,1
b3-p2-fixed-1,fixed-1,33.67199999999957,44,2.630492,34.63999999999942,1,1,34.20299999999952,1
b3-p2-fixed-1,fixed-1,38.6869999999999,60,3.265087,39.75,1,1,39.25,1
b3-p2-fixed-1,fixed-1,43.67199999999957,80,4.727286,44.6869999999999,1,1,44.21799999999985,1
b3-p2-fixed-1,fixed-1,48.6869999999999,100,6.441016,49.76499999999942,1,1,49.26499999999942,1
b3-p2-fixed-1,fixed-1,53.6869999999999,119,7.069791,54.67199999999957,1,1,54.21799999999985,1
b3-p2-fixed-1,fixed-1,58.71799999999985,132,8.093699,59.76499999999942,1,1,59.25,1
b3-p2-fixed-1,fixed-1,63.70299999999952,153,8.791481,64.76499999999942,1,1,64.28099999999995,1
b3-p2-fixed-1,fixed-1,68.71799999999985,170,10.76104,69.78099999999995,1,1,69.28099999999995,1
b3-p2-fixed-1,fixed-1,73.70299999999952,191,11.792684,74.78099999999995,1,1,74.28099999999995,1
b3-p2-fixed-1,fixed-1,78.70299999999952,166,12.169439,79.78099999999995,1,1,79.26499999999942,1
b3-p2-fixed-1,fixed-1,83.71799999999985,106,12.90432,84.79699999999957,1,1,84.26499999999942,1
b3-p2-fixed-1,fixed-1,88.75,49,13.318564,89.78099999999995,1,1,89.29699999999957,1
b3-p2-fixed-1,fixed-1,93.75,0,0,94.875,1,1,94.26499999999942,1
b3-p2-fixed-1,fixed-1,98.73399999999947,0,0,99.76499999999942,1,1,99.20299999999952,1
b3-p2-fixed-1,fixed-1,103.78099999999995,0,0,104.82799999999952,1,1,104.28099999999995,1
b3-p2-fixed-1,fixed-1,108.78099999999995,0,0,109.85899999999947,1,1,109.26499999999942,1
b3-p2-fixed-1,fixed-1,113.78099999999995,0,0,114.82799999999952,1,1,114.28099999999995,1
b3-p2-fixed-1,fixed-1,118.76499999999942,0,0,119.78099999999995,1,1,119.25,1
b3-p2-fixed-1,fixed-1,123.78099999999995,0,0,124.79699999999957,1,1,124.28099999999995,1
b3-p2-fixed-1,fixed-1,128.78099999999995,0,0,129.82799999999952,1,1,129.25,1
b3-p2-fixed-1,fixed-1,133.78099999999995,0,0,134.85899999999947,1,1,134.26499999999942,1
b3-p2-fixed-1,fixed-1,138.76499999999942,0,0,139.57799999999952,1,1,139.15599999999995,1
b3-p2-fixed-1,fixed-1,143.78099999999995,0,0,144.71799999999985,1,1,144.1869999999999,1
b3-p2-fixed-1,fixed-1,148.78099999999995,0,0,149.67199999999957,1,1,149.15599999999995,1
b3-p2-fixed-1,fixed-1,153.79699999999957,0,0,154.73399999999947,1,1,154.1869999999999,1
b3-p2-fixed-1,fixed-1,158.8119999999999,0,0,159.73399999999947,1,1,159.20299999999952,1
b3-p2-fixed-1,fixed-1,163.8119999999999,0,0,164.70299999999952,1,1,164.20299999999952,1
b3-p2-fixed-1,fixed-1,168.82799999999952,0,0,169.6869999999999,1,1,169.1869999999999,1
b3-p2-fixed-1,fixed-1,173.82799999999952,0,0,174.75,1,1,174.21799999999985,1
b3-p2-fixed-1,fixed-1,178.82799999999952,0,0,179.70299999999952,1,1,179.20299999999952,1
b3-p2-fixed-1,fixed-1,183.84299999999985,0,0,184.75,1,1,184.25,1
b3-p2-fixed-1,fixed-1,188.84299999999985,0,0,189.73399999999947,1,1,189.23399999999947,1
b3-p2-fixed-1,fixed-1,193.85899999999947,0,0,194.79699999999957,1,1,194.26499999999942,1
b3-p2-fixed-1,fixed-1,198.875,0,0,199.75,1,1,199.23399999999947,1
b3-p2-fixed-1,fixed-1,203.88999999999942,0,0,204.79699999999957,1,1,204.28099999999995,1
b3-p2-fixed-1,fixed-1,208.88999999999942,0,0,209.79699999999957,1,1,209.28099999999995,1
b3-p2-fixed-1,fixed-1,213.90599999999995,0,0,214.85899999999947,1,1,214.3119999999999,1
b3-p2-fixed-1,fixed-1,218.90599999999995,0,0,219.78099999999995,1,1,219.26499999999942,1
b3-p2-fixed-1,fixed-1,223.90599999999995,0,0,224.8119999999999,1,1,224.29699999999957,1
b3-p2-fixed-1,fixed-1,228.90599999999995,0,0,229.78099999999995,1,1,229.28099999999995,1
b3-p2-fixed-1,fixed-1,233.92199999999957,0,0,234.82799999999952,1,1,234.3119999999999,1
b3-p2-fixed-1,fixed-1,238.92199999999957,0,0,239.8119999999999,1,1,239.29699999999957,1
b3-p2-fixed-1,fixed-1,243.9369999999999,0,0,244.84299999999985,1,1,244.34299999999985,1
b3-p2-fixed-1,fixed-1,248.96799999999985,0,0,249.85899999999947,1,1,249.34299999999985,1
b3-p2-fixed-1,fixed-1,253.96799999999985,0,0,254.875,1,1,254.35899999999947,1
b3-p2-fixed-1,fixed-1,258.98399999999947,0,0,259.85899999999947,1,1,259.34299999999985,1
b3-p2-fixed-1,fixed-1,263.98399999999947,0,0,264.8899999999994,1,1,264.40599999999995,1
b3-p2-fixed-1,fixed-1,268.98399999999947,0,0,269.8899999999994,1,1,269.375,1
b3-p2-fixed-1,fixed-1,274.0,0,0,274.92199999999957,1,1,274.4369999999999,1
b3-p2-fixed-1,fixed-1,279.0,0,0,279.8899999999994,1,1,279.3899999999994,1
b3-p2-fixed-1,fixed-1,284.0149999999994,0,0,284.9369999999999,1,1,284.4529999999995,1
b3-p2-fixed-1,fixed-1,289.0149999999994,0,0,289.90599999999995,1,1,289.40599999999995,1
b3-p2-fixed-1,fixed-1,294.03099999999995,0,0,294.96799999999985,1,1,294.46799999999985,1
b3-p2-fixed-1,fixed-1,299.0149999999994,0,0,299.90599999999995,1,1,299.40599999999995,1
b3-p2-fixed-1,fixed-1,304.03099999999995,0,0,304.9369999999999,1,1,304.4529999999995,1
b3-p2-fixed-1,fixed-1,309.04699999999957,0,0,309.9369999999999,1,1,309.4529999999995,1
b3-p2-fixed-1,fixed-1,314.0619999999999,0,0,315.0,1,1,314.5149999999994,1
b3-p2-fixed-1,fixed-1,319.0779999999995,0,0,319.96799999999985,1,1,319.5,1
b3-p2-fixed-1,fixed-1,324.0779999999995,0,0,325.0149999999994,1,1,324.53099999999995,1
b3-p2-fixed-1,fixed-1,329.09299999999985,0,0,329.98399999999947,1,1,329.5149999999994,1
b3-p2-fixed-1,fixed-1,334.10899999999947,0,0,335.0149999999994,1,1,334.54699999999957,1
b3-p2-fixed-1,fixed-1,339.10899999999947,0,0,340.0149999999994,1,1,339.54699999999957,1
b3-p2-fixed-1,fixed-1,344.125,0,0,345.03099999999995,1,1,344.5619999999999,1
b3-p2-fixed-1,fixed-1,349.125,0,0,350.0149999999994,1,1,349.5619999999999,1
b3-p2-fixed-1,fixed-1,354.1399999999994,0,0,355.03099999999995,1,1,354.5779999999995,1
b3-p2-fixed-1,fixed-1,359.1399999999994,0,0,360.03099999999995,1,1,359.5619999999999,1
b3-p2-fixed-1,fixed-1,364.1399999999994,0,0,365.0619999999999,1,1,364.60899999999947,1
b3-p2-fixed-1,fixed-1,369.1399999999994,0,0,370.04699999999957,1,1,369.5779999999995,1
b3-p2-fixed-1,fixed-1,374.15599999999995,0,0,375.0619999999999,1,1,374.59299999999985,1
b3-p2-fixed-1,fixed-1,379.15599999999995,0,0,380.0619999999999,1,1,379.60899999999947,1
b3-p2-fixed-1,fixed-1,384.17199999999957,0,0,385.0779999999995,1,1,384.6399999999994,1
b3-p2-fixed-1,fixed-1,389.1869999999999,0,0,390.0779999999995,1,1,389.6399999999994,1
b3-p2-fixed-1,fixed-1,394.2029999999995,0,0,395.4369999999999,1,1,394.65599999999995,1
b3-p2-fixed-1,fixed-1,399.21799999999985,0,0,400.10899999999947,1,1,399.67199999999957,1
b3-p2-fixed-1,fixed-1,404.23399999999947,0,0,405.1399999999994,1,1,404.71799999999985,1
b3-p2-fixed-1,fixed-1,409.23399999999947,0,0,410.125,1,1,409.6869999999999,1
b3-p2-fixed-1,fixed-1,414.25,0,0,415.1399999999994,1,1,414.7029999999995,1
b3-p2-fixed-1,fixed-1,419.2649999999994,0,0,420.15599999999995,1,1,419.7029999999995,1
b3-p2-fixed-1,fixed-1,424.2649999999994,0,0,425.15599999999995,1,1,424.73399999999947,1
b3-p2-fixed-1,fixed-1,429.2649999999994,0,0,430.15599999999995,1,1,429.71799999999985,1
b3-p2-fixed-1,fixed-1,434.28099999999995,0,0,435.17199999999957,1,1,434.75,1
b3-p2-fixed-1,fixed-1,439.28099999999995,0,0,440.17199999999957,1,1,439.73399999999947,1
b3-p2-fixed-1,fixed-1,444.29699999999957,0,0,445.2029999999995,1,1,444.7649999999994,1
b3-p2-fixed-1,fixed-1,449.29699999999957,0,0,450.1869999999999,1,1,449.75,1
b3-p2-fixed-1,fixed-1,451.125,0,0,451.92199999999957,1,1,451.5,1
b3-p3-adaptive,adaptive,-2.42200000000048,0,0,-1.75,1,1,-2.030999999999949,1
b3-p3-adaptive,adaptive,2.594000000000051,1,0.119344,3.32799999999952,1,1,3.0,1
b3-p3-adaptive,adaptive,7.57799999999952,0,0,8.265999999999622,1,1,7.969000000000051,1
b3-p3-adaptive,adaptive,12.609999999999673,0,0,13.438000000000102,1,1,13.030999999999949,1
b3-p3-adaptive,adaptive,17.625,0,0,18.51599999999962,1,1,18.09400000000005,1
b3-p3-adaptive,adaptive,22.67199999999957,9,0.815274,23.64099999999962,1,1,23.20299999999952,1
b3-p3-adaptive,adaptive,27.67199999999957,30,1.539941,28.64099999999962,1,1,28.188000000000102,1
b3-p3-adaptive,adaptive,32.6880000000001,46,2.438905,33.71900000000005,1,1,33.25,1
b3-p3-adaptive,adaptive,37.70299999999952,59,3.458836,38.6880000000001,1,1,38.21900000000005,1
b3-p3-adaptive,adaptive,42.70299999999952,76,4.845301,43.71900000000005,1,1,43.26599999999962,1
b3-p3-adaptive,adaptive,47.70299999999952,98,6.320287,48.78099999999995,1,1,48.26599999999962,1
b3-p3-adaptive,adaptive,52.71900000000005,123,6.950247,53.90599999999995,2,1,53.29699999999957,2
b3-p3-adaptive,adaptive,57.70299999999952,106,6.825616,58.92199999999957,2,1,58.29699999999957,2
b3-p3-adaptive,adaptive,62.70299999999952,59,4.054394,63.9380000000001,2,1,63.29699999999957,2
b3-p3-adaptive,adaptive,67.73499999999967,0,0,68.95299999999952,2,1,68.3130000000001,2
b3-p3-adaptive,adaptive,72.71900000000005,7,0.266711,73.96900000000005,2,2,73.3130000000001,2
b3-p3-adaptive,adaptive,77.71900000000005,3,0.43202,78.90599999999995,2,2,78.26599999999962,2
b3-p3-adaptive,adaptive,82.71900000000005,0,0,83.92199999999957,2,2,83.28099999999995,2
b3-p3-adaptive,adaptive,87.71900000000005,1,0.087571,88.875,2,2,88.21900000000005,2
b3-p3-adaptive,adaptive,92.73499999999967,0,0,93.89099999999962,2,2,93.23499999999967,2
b3-p3-adaptive,adaptive,97.73499999999967,0,0,98.875,2,2,98.21900000000005,2
b3-p3-adaptive,adaptive,102.76599999999962,0,0,103.96900000000005,2,2,103.29699999999957,2
b3-p3-adaptive,adaptive,107.73499999999967,0,0,109.25,2,2,108.40599999999995,2
b3-p3-adaptive,adaptive,112.76599999999962,0,0,113.9380000000001,2,2,113.29699999999957,2
b3-p3-adaptive,adaptive,117.78099999999995,0,0,118.95299999999952,2,2,118.29699999999957,2
b3-p3-adaptive,adaptive,122.79699999999957,0,0,123.96900000000005,2,2,123.29699999999957,2
b3-p3-adaptive,adaptive,127.8130000000001,0,0,128.96900000000005,2,2,128.3130000000001,2
b3-p3-adaptive,adaptive,132.8130000000001,0,0,134.01599999999962,2,2,133.34400000000005,2
b3-p3-adaptive,adaptive,137.76599999999962,0,0,138.73499999999967,2,2,138.1880000000001,2
b3-p3-adaptive,adaptive,142.79699999999957,0,0,143.8130000000001,2,2,143.25,2
b3-p3-adaptive,adaptive,147.79699999999957,0,0,148.75,2,2,148.1880000000001,2
b3-p3-adaptive,adaptive,152.8130000000001,0,0,153.8130000000001,2,2,153.25,2
b3-p3-adaptive,adaptive,157.8130000000001,0,0,158.75,2,2,158.20299999999952,2
b3-p3-adaptive,adaptive,162.82799999999952,0,0,163.8130000000001,2,2,163.26599999999962,2
b3-p3-adaptive,adaptive,167.82799999999952,0,0,168.78099999999995,2,2,168.23499999999967,2
b3-p3-adaptive,adaptive,172.82799999999952,0,0,173.8130000000001,2,2,173.26599999999962,2
b3-p3-adaptive,adaptive,177.82799999999952,0,0,178.76599999999962,2,2,178.25,2
b3-p3-adaptive,adaptive,182.84400000000005,0,0,183.82799999999952,2,2,183.28099999999995,2
b3-p3-adaptive,adaptive,187.82799999999952,0,0,188.78099999999995,2,2,188.25,2
b3-p3-adaptive,adaptive,192.85999999999967,0,0,193.84400000000005,2,2,193.29699999999957,2
b3-p3-adaptive,adaptive,197.85999999999967,0,0,198.79699999999957,2,2,198.26599999999962,2
b3-p3-adaptive,adaptive,202.89099999999962,0,0,203.875,2,2,203.3130000000001,2
b3-p3-adaptive,adaptive,207.90599999999995,0,0,208.84400000000005,2,2,208.3130000000001,2
b3-p3-adaptive,adaptive,212.92199999999957,0,0,213.89099999999962,2,2,213.35999999999967,2
b3-p3-adaptive,adaptive,217.9380000000001,0,0,218.85999999999967,2,2,218.34400000000005,2
b3-p3-adaptive,adaptive,222.95299999999952,0,0,223.90599999999995,2,2,223.35999999999967,2
b3-p3-adaptive,adaptive,227.9380000000001,0,0,228.875,2,2,228.35999999999967,2
b3-p3-adaptive,adaptive,232.95299999999952,0,0,233.92199999999957,2,2,233.39099999999962,2
b3-p3-adaptive,adaptive,237.96900000000005,0,0,238.89099999999962,2,2,238.375,2
b3-p3-adaptive,adaptive,242.98499999999967,0,0,243.92199999999957,2,2,243.42199999999957,2
b3-p3-adaptive,adaptive,248.0,0,0,248.9380000000001,2,2,248.40599999999995,2
b3-p3-adaptive,adaptive,253.0,0,0,253.95299999999952,2,2,253.4380000000001,2
b3-p3-adaptive,adaptive,258.03099999999995,0,0,258.9529999999995,2,2,258.42199999999957,2
b3-p3-adaptive,adaptive,263.0159999999996,0,0,263.96900000000005,2,2,263.4380000000001,2
b3-p3-adaptive,adaptive,268.0159999999996,0,0,268.96900000000005,2,2,268.4529999999995,2
b3-p3-adaptive,adaptive,273.03099999999995,0,0,273.96900000000005,2,2,273.4529999999995,2
b3-p3-adaptive,adaptive,278.03099999999995,0,0,278.9380000000001,2,2,278.42199999999957,2
b3-p3-adaptive,adaptive,283.04699999999957,0,0,283.96900000000005,2,2,283.4529999999995,2
b3-p3-adaptive,adaptive,288.04699999999957,0,0,288.9529999999995,2,2,288.4380000000001,2
b3-p3-adaptive,adaptive,293.04699999999957,0,0,294.0,2,2,293.4849999999997,2
b3-p3-adaptive,adaptive,298.04699999999957,0,0,298.96900000000005,2,2,298.4529999999995,2
b3-p3-adaptive,adaptive,303.04699999999957,0,0,304.0,2,2,303.46900000000005,2
b3-p3-adaptive,adaptive,308.03099999999995,0,0,308.9380000000001,2,2,308.42199999999957,2
b3-p3-adaptive,adaptive,313.0630000000001,0,0,314.0159999999996,2,2,313.4849999999997,2
b3-p3-adaptive,adaptive,318.04699999999957,0,0,318.96900000000005,2,2,318.4380000000001,2
b3-p3-adaptive,adaptive,323.0779999999995,0,0,324.0779999999995,2,2,323.53099999999995,2
b3-p3-adaptive,adaptive,328.0630000000001,0,0,328.96900000000005,2,2,328.4529999999995,2
b3-p3-adaptive,adaptive,333.0779999999995,0,0,334.0159999999996,2,2,333.5,2
b3-p3-adaptive,adaptive,338.09400000000005,0,0,339.0159999999996,2,2,338.5,2
b3-p3-adaptive,adaptive,343.15599999999995,0,0,344.1099999999997,2,2,343.59400000000005,2
b3-p3-adaptive,adaptive,348.09400000000005,0,0,349.0159999999996,2,2,348.5,2
b3-p3-adaptive,adaptive,353.125,0,0,353.8599999999997,1,1,353.53099999999995,1
b3-p3-adaptive,adaptive,358.125,0,0,358.8130000000001,1,1,358.5,1
b3-p3-adaptive,adaptive,363.1409999999996,0,0,363.8909999999996,1,1,363.54699999999957,1
b3-p3-adaptive,adaptive,368.15599999999995,0,0,368.8599999999997,1,1,368.53099999999995,1
b3-p3-adaptive,adaptive,373.17199999999957,0,0,373.8909999999996,1,1,373.5630000000001,1
b3-p3-adaptive,adaptive,378.17199999999957,0,0,378.875,1,1,378.5630000000001,1
b3-p3-adaptive,adaptive,383.17199999999957,0,0,383.8909999999996,1,1,383.5779999999995,1
b3-p3-adaptive,adaptive,388.17199999999957,0,0,388.875,1,1,388.54699999999957,1
b3-p3-adaptive,adaptive,393.2029999999995,0,0,393.90599999999995,1,1,393.5779999999995,1
b3-p3-adaptive,adaptive,398.1880000000001,0,0,398.8909999999996,1,1,398.5779999999995,1
b3-p3-adaptive,adaptive,403.2029999999995,0,0,403.90599999999995,1,1,403.5779999999995,1
b3-p3-adaptive,adaptive,408.2029999999995,0,0,408.92199999999957,1,1,408.59400000000005,1
b3-p3-adaptive,adaptive,413.21900000000005,0,0,413.92199999999957,1,1,413.6099999999997,1
b3-p3-adaptive,adaptive,418.21900000000005,0,0,418.92199999999957,1,1,418.59400000000005,1
b3-p3-adaptive,adaptive,423.2349999999997,0,0,423.9380000000001,1,1,423.6099999999997,1
b3-p3-adaptive,adaptive,428.2349999999997,0,0,428.92199999999957,1,1,428.6099999999997,1
b3-p3-adaptive,adaptive,433.2659999999996,0,0,433.9529999999995,1,1,433.6409999999996,1
b3-p3-adaptive,adaptive,438.2659999999996,0,0,438.9529999999995,1,1,438.6409999999996,1
b3-p3-adaptive,adaptive,443.28099999999995,0,0,443.9849999999997,1,1,443.67199999999957,1
b3-p3-adaptive,adaptive,448.2659999999996,0,0,448.9529999999995,1,1,448.6409999999996,1
b3-p3-adaptive,adaptive,452.125,0,0,452.84400000000005,1,1,452.5159999999996,1
